STATE,YEAR,EVENT_COUNT,INJURIES_DIRECT_COUNT,DEATHS_DIRECT_COUNT,DEATHS_INDIRECT_COUNT,DAMAGE_PROPERTY_EVENT_SUM,EVENT
ALABAMA,1996,213,0,3,0,11308620.0,Winter Storm
ALABAMA,1997,59,0,0,0,28335000.0,Winter Storm
ALABAMA,1998,42,0,1,0,607500.0,Winter Storm
ALABAMA,1999,43,0,1,0,825250.0,Winter Storm
ALABAMA,2000,60,0,0,0,208000.0,Winter Storm
ALABAMA,2001,18,0,0,0,8027500.0,Winter Storm
ALABAMA,2002,44,0,0,0,660090.0,Winter Storm
ALABAMA,2003,6,0,0,0,250000.0,Winter Storm
ALABAMA,2004,14,0,0,0,60.0,Winter Storm
ALABAMA,2005,23,0,0,0,857750.0,Winter Storm
ALABAMA,2006,4,0,0,0,2500000.0,Winter Storm
ALABAMA,2007,4,0,0,0,25000.0,Winter Storm
ALABAMA,2008,49,0,0,0,302500.0,Winter Storm
ALABAMA,2009,44,0,0,0,127500.0,Winter Storm
ALABAMA,2010,226,1,1,6,18713400.0,Winter Storm
ALABAMA,2011,114,0,0,2,4212840.0,Winter Storm
ALABAMA,2012,8,0,0,0,275000.0,Winter Storm
ALABAMA,2013,56,0,0,0,407500.0,Winter Storm
ALABAMA,2014,182,0,1,6,29345090.0,Winter Storm
ALABAMA,2015,122,0,0,0,256555750.0,Winter Storm
ALABAMA,2016,15,0,0,0,75280.0,Winter Storm
ALABAMA,2017,52,0,0,0,407780.0,Winter Storm
ALABAMA,2018,91,0,0,0,7070680.0,Winter Storm
ALABAMA,2019,28,0,0,0,527500.0,Winter Storm
ALABAMA,2020,8,0,0,0,0.0,Winter Storm
ALABAMA,2021,63,0,0,0,3012590.0,Winter Storm
ALABAMA,2022,42,0,0,0,25405280.0,Winter Storm
ALASKA,1996,15,2,1,0,52500.0,Winter Storm
ALASKA,1997,21,0,0,0,2750.0,Winter Storm
ALASKA,1998,78,0,0,0,56717500.0,Winter Storm
ALASKA,1999,204,1,2,0,36206560.0,Winter Storm
ALASKA,2000,127,0,3,0,6675530.0,Winter Storm
ALASKA,2001,158,5,2,0,8164000.0,Winter Storm
ALASKA,2002,186,0,0,0,3688590.0,Winter Storm
ALASKA,2003,143,0,0,0,6290560.0,Winter Storm
ALASKA,2004,175,1,1,0,88215680.0,Winter Storm
ALASKA,2005,115,3,0,0,4383280.0,Winter Storm
ALASKA,2006,164,1,1,0,63365560.0,Winter Storm
ALASKA,2007,127,0,0,0,53553340.0,Winter Storm
ALASKA,2008,204,0,0,1,5521060.0,Winter Storm
ALASKA,2009,295,0,1,0,11248620.0,Winter Storm
ALASKA,2010,152,0,0,0,261840250.0,Winter Storm
ALASKA,2011,276,0,1,0,30808560.0,Winter Storm
ALASKA,2012,195,0,0,1,3633060.0,Winter Storm
ALASKA,2013,170,0,0,0,13565780.0,Winter Storm
ALASKA,2014,74,0,0,1,6415310.0,Winter Storm
ALASKA,2015,129,0,1,1,83275530.0,Winter Storm
ALASKA,2016,66,0,0,1,33955000.0,Winter Storm
ALASKA,2017,124,0,0,0,7300000.0,Winter Storm
ALASKA,2018,46,0,0,0,655250.0,Winter Storm
ALASKA,2019,75,0,0,0,3887780.0,Winter Storm
ALASKA,2020,158,0,0,0,3710310.0,Winter Storm
ALASKA,2021,219,0,0,0,9805810.0,Winter Storm
ALASKA,2022,114,0,0,0,31480930.0,Winter Storm
ARIZONA,1996,20,0,0,0,2855000.0,Winter Storm
ARIZONA,1997,53,0,3,0,730000.0,Winter Storm
ARIZONA,1998,51,0,0,0,25665250.0,Winter Storm
ARIZONA,1999,27,0,0,0,25377750.0,Winter Storm
ARIZONA,2000,47,1,3,0,3930090.0,Winter Storm
ARIZONA,2001,70,1,1,0,9908090.0,Winter Storm
ARIZONA,2002,15,1,1,0,90280.0,Winter Storm
ARIZONA,2003,20,0,0,0,525000.0,Winter Storm
ARIZONA,2004,42,1,0,0,1307750.0,Winter Storm
ARIZONA,2005,22,1,1,0,705530.0,Winter Storm
ARIZONA,2006,28,0,3,0,802750.0,Winter Storm
ARIZONA,2007,18,0,0,1,300000.0,Winter Storm
ARIZONA,2008,79,4,0,1,3888250.0,Winter Storm
ARIZONA,2009,57,1,1,0,28310500.0,Winter Storm
ARIZONA,2010,82,1,0,1,38392500.0,Winter Storm
ARIZONA,2011,70,1,1,4,1382500.0,Winter Storm
ARIZONA,2012,41,0,0,0,587750.0,Winter Storm
ARIZONA,2013,49,0,1,0,25782500.0,Winter Storm
ARIZONA,2014,22,0,0,1,602750.0,Winter Storm
ARIZONA,2015,37,0,1,0,535030.0,Winter Storm
ARIZONA,2016,37,0,0,1,62560.0,Winter Storm
ARIZONA,2017,53,0,0,0,655310.0,Winter Storm
ARIZONA,2018,25,0,0,1,50277530.0,Winter Storm
ARIZONA,2019,100,0,0,0,8558000.0,Winter Storm
ARIZONA,2020,16,0,1,0,27500.0,Winter Storm
ARIZONA,2021,49,1,1,0,885000.0,Winter Storm
ARIZONA,2022,25,0,3,0,2602750.0,Winter Storm
ARKANSAS,1996,38,0,1,0,1335030.0,Winter Storm
ARKANSAS,1997,100,0,0,0,1385810.0,Winter Storm
ARKANSAS,1998,61,0,3,0,962780.0,Winter Storm
ARKANSAS,1999,57,0,1,0,6130030.0,Winter Storm
ARKANSAS,2000,223,0,1,0,35142750.0,Winter Storm
ARKANSAS,2001,4,0,0,0,2750000.0,Winter Storm
ARKANSAS,2002,120,1,1,0,9102840.0,Winter Storm
ARKANSAS,2003,118,0,0,0,860280.0,Winter Storm
ARKANSAS,2004,69,0,0,0,6742530.0,Winter Storm
ARKANSAS,2005,4,0,0,0,25000.0,Winter Storm
ARKANSAS,2006,53,0,0,0,3413090.0,Winter Storm
ARKANSAS,2007,50,0,0,1,1105030.0,Winter Storm
ARKANSAS,2008,316,1,3,2,59433280.0,Winter Storm
ARKANSAS,2009,176,1,3,3,56238030.0,Winter Storm
ARKANSAS,2010,216,0,0,0,5720780.0,Winter Storm
ARKANSAS,2011,368,0,0,2,122098060.0,Winter Storm
ARKANSAS,2012,105,0,1,0,37855530.0,Winter Storm
ARKANSAS,2013,346,0,1,2,38811030.0,Winter Storm
ARKANSAS,2014,365,2,0,10,268411100.0,Winter Storm
ARKANSAS,2015,265,0,0,0,10410840.0,Winter Storm
ARKANSAS,2016,87,0,0,0,1165560.0,Winter Storm
ARKANSAS,2017,83,0,0,0,4762750.0,Winter Storm
ARKANSAS,2018,193,0,0,1,27963090.0,Winter Storm
ARKANSAS,2019,89,0,0,0,6942750.0,Winter Storm
ARKANSAS,2020,134,0,0,0,5287560.0,Winter Storm
ARKANSAS,2021,254,0,0,0,133096370.0,Winter Storm
ARKANSAS,2022,262,0,0,0,8894340.0,Winter Storm
CALIFORNIA,1996,82,1,3,0,8957530.0,Winter Storm
CALIFORNIA,1997,171,2,4,0,1543780.0,Winter Storm
CALIFORNIA,1998,268,1,5,0,273232150.0,Winter Storm
CALIFORNIA,1999,281,4,2,0,38612460.0,Winter Storm
CALIFORNIA,2000,181,1,1,0,30734050.0,Winter Storm
CALIFORNIA,2001,405,4,1,0,25485490.0,Winter Storm
CALIFORNIA,2002,183,3,0,0,6563210.0,Winter Storm
CALIFORNIA,2003,187,1,0,0,31653400.0,Winter Storm
CALIFORNIA,2004,181,1,1,0,4468780.0,Winter Storm
CALIFORNIA,2005,173,3,1,0,290530150.0,Winter Storm
CALIFORNIA,2006,173,2,3,0,33540780.0,Winter Storm
CALIFORNIA,2007,203,0,1,1,6434780.0,Winter Storm
CALIFORNIA,2008,240,1,2,1,8076060.0,Winter Storm
CALIFORNIA,2009,140,0,0,1,8967780.0,Winter Storm
CALIFORNIA,2010,267,1,0,2,44209030.0,Winter Storm
CALIFORNIA,2011,174,0,0,0,3947750.0,Winter Storm
CALIFORNIA,2012,150,0,2,0,1530780.0,Winter Storm
CALIFORNIA,2013,57,0,0,0,1113000.0,Winter Storm
CALIFORNIA,2014,76,0,0,1,11238030.0,Winter Storm
CALIFORNIA,2015,78,1,0,1,25578250.0,Winter Storm
CALIFORNIA,2016,163,0,0,1,13875560.0,Winter Storm
CALIFORNIA,2017,186,0,2,0,17228400.0,Winter Storm
CALIFORNIA,2018,314,0,1,4,58528120.0,Winter Storm
CALIFORNIA,2019,491,0,5,11,13964730.0,Winter Storm
CALIFORNIA,2020,275,0,0,3,17911930.0,Winter Storm
CALIFORNIA,2021,470,0,4,0,31461870.0,Winter Storm
CALIFORNIA,2022,136,1,0,0,455150.0,Winter Storm
COLORADO,1996,641,2,2,0,30205830.0,Winter Storm
COLORADO,1997,671,1,9,0,47221310.0,Winter Storm
COLORADO,1998,391,1,3,0,269870120.0,Winter Storm
COLORADO,1999,347,1,0,0,15589080.0,Winter Storm
COLORADO,2000,313,0,0,0,40355680.0,Winter Storm
COLORADO,2001,301,0,0,0,18354840.0,Winter Storm
COLORADO,2002,260,0,0,0,13916150.0,Winter Storm
COLORADO,2003,424,1,0,0,29926140.0,Winter Storm
COLORADO,2004,466,0,1,0,39067020.0,Winter Storm
COLORADO,2005,552,0,1,0,17671900.0,Winter Storm
COLORADO,2006,586,0,0,2,166247240.0,Winter Storm
COLORADO,2007,562,0,0,0,69135060.0,Winter Storm
COLORADO,2008,633,0,0,1,324159340.0,Winter Storm
COLORADO,2009,630,0,0,3,352320150.0,Winter Storm
COLORADO,2010,592,0,0,0,344017090.0,Winter Storm
COLORADO,2011,657,0,0,2,75354740.0,Winter Storm
COLORADO,2012,439,0,0,0,41749080.0,Winter Storm
COLORADO,2013,576,0,0,0,44677460.0,Winter Storm
COLORADO,2014,524,0,0,1,44572590.0,Winter Storm
COLORADO,2015,480,0,0,0,18979370.0,Winter Storm
COLORADO,2016,429,0,0,0,102226280.0,Winter Storm
COLORADO,2017,404,0,0,0,38876400.0,Winter Storm
COLORADO,2018,408,0,0,0,283652030.0,Winter Storm
COLORADO,2019,613,0,2,3,63775650.0,Winter Storm
COLORADO,2020,484,0,0,1,45864560.0,Winter Storm
COLORADO,2021,373,0,0,0,540511370.0,Winter Storm
COLORADO,2022,270,0,0,0,11698400.0,Winter Storm
CONNECTICUT,1996,80,0,0,0,3682750.0,Winter Storm
CONNECTICUT,1997,29,0,1,0,280030.0,Winter Storm
CONNECTICUT,1998,13,0,0,0,575250.0,Winter Storm
CONNECTICUT,1999,24,0,0,0,285000.0,Winter Storm
CONNECTICUT,2000,37,0,0,0,577500.0,Winter Storm
CONNECTICUT,2001,47,0,0,0,26070530.0,Winter Storm
CONNECTICUT,2002,28,0,0,0,553060.0,Winter Storm
CONNECTICUT,2003,59,0,0,0,1128250.0,Winter Storm
CONNECTICUT,2004,26,0,0,0,2805250.0,Winter Storm
CONNECTICUT,2005,71,0,1,0,1543560.0,Winter Storm
CONNECTICUT,2006,29,0,0,0,377780.0,Winter Storm
CONNECTICUT,2007,36,0,0,0,27807500.0,Winter Storm
CONNECTICUT,2008,47,0,0,0,560030.0,Winter Storm
CONNECTICUT,2009,44,3,2,0,25105500.0,Winter Storm
CONNECTICUT,2010,29,0,0,0,553030.0,Winter Storm
CONNECTICUT,2011,71,1,1,1,2940030.0,Winter Storm
CONNECTICUT,2012,46,0,0,0,865250.0,Winter Storm
CONNECTICUT,2013,50,0,0,0,1127530.0,Winter Storm
CONNECTICUT,2014,67,0,0,0,7233030.0,Winter Storm
CONNECTICUT,2015,101,0,1,0,3878560.0,Winter Storm
CONNECTICUT,2016,59,0,0,0,3558250.0,Winter Storm
CONNECTICUT,2017,63,0,0,0,5830780.0,Winter Storm
CONNECTICUT,2018,100,1,0,0,5780530.0,Winter Storm
CONNECTICUT,2019,57,1,1,0,860030.0,Winter Storm
CONNECTICUT,2020,24,0,0,0,5552500.0,Winter Storm
CONNECTICUT,2021,52,0,0,0,962750.0,Winter Storm
CONNECTICUT,2022,69,0,0,0,6738780.0,Winter Storm
DELAWARE,1996,23,0,0,0,30030.0,Winter Storm
DELAWARE,1997,24,0,0,0,125000.0,Winter Storm
DELAWARE,1998,4,0,0,0,25000.0,Winter Storm
DELAWARE,1999,12,0,0,0,27750.0,Winter Storm
DELAWARE,2000,26,3,0,0,25837500.0,Winter Storm
DELAWARE,2001,22,0,0,0,2857620.0,Winter Storm
DELAWARE,2002,11,0,0,0,2750.0,Winter Storm
DELAWARE,2003,43,0,0,0,332560.0,Winter Storm
DELAWARE,2004,38,0,0,0,302750.0,Winter Storm
DELAWARE,2005,48,0,0,0,4415560.0,Winter Storm
DELAWARE,2006,6,0,0,0,252750.0,Winter Storm
DELAWARE,2007,38,0,3,0,405250.0,Winter Storm
DELAWARE,2008,25,1,0,1,350250.0,Winter Storm
DELAWARE,2009,27,5,0,0,30250.0,Winter Storm
DELAWARE,2010,36,0,2,0,557780.0,Winter Storm
DELAWARE,2011,32,0,0,1,6050000.0,Winter Storm
DELAWARE,2012,15,0,0,1,2500.0,Winter Storm
DELAWARE,2013,32,0,0,0,552530.0,Winter Storm
DELAWARE,2014,57,0,0,0,5460250.0,Winter Storm
DELAWARE,2015,69,0,0,0,1412810.0,Winter Storm
DELAWARE,2016,22,1,0,1,755120.0,Winter Storm
DELAWARE,2017,11,0,0,0,525000.0,Winter Storm
DELAWARE,2018,10,0,0,0,500000.0,Winter Storm
DELAWARE,2019,16,0,0,0,253060.0,Winter Storm
DELAWARE,2020,2,0,0,0,0.0,Winter Storm
DELAWARE,2021,15,0,0,0,100000.0,Winter Storm
DELAWARE,2022,16,0,0,0,27753280.0,Winter Storm
DISTRICT OF COLUMBIA,1996,6,0,0,0,27530.0,Winter Storm
DISTRICT OF COLUMBIA,1997,2,0,0,0,0.0,Winter Storm
DISTRICT OF COLUMBIA,1998,2,0,0,0,0.0,Winter Storm
DISTRICT OF COLUMBIA,1999,3,0,0,0,25000.0,Winter Storm
DISTRICT OF COLUMBIA,2000,5,0,0,0,52500.0,Winter Storm
DISTRICT OF COLUMBIA,2001,2,0,0,0,0.0,Winter Storm
DISTRICT OF COLUMBIA,2002,3,0,1,0,0.0,Winter Storm
DISTRICT OF COLUMBIA,2003,7,0,0,0,0.0,Winter Storm
DISTRICT OF COLUMBIA,2004,7,0,0,0,2500.0,Winter Storm
DISTRICT OF COLUMBIA,2005,3,0,0,0,0.0,Winter Storm
DISTRICT OF COLUMBIA,2006,1,0,0,0,0.0,Winter Storm
DISTRICT OF COLUMBIA,2007,5,0,0,0,250000.0,Winter Storm
DISTRICT OF COLUMBIA,2008,3,0,0,0,250000.0,Winter Storm
DISTRICT OF COLUMBIA,2009,3,0,0,0,250.0,Winter Storm
DISTRICT OF COLUMBIA,2010,7,0,0,0,27500.0,Winter Storm
DISTRICT OF COLUMBIA,2011,5,0,1,0,2500.0,Winter Storm
DISTRICT OF COLUMBIA,2012,2,0,0,0,250.0,Winter Storm
DISTRICT OF COLUMBIA,2013,8,0,0,0,25250.0,Winter Storm
DISTRICT OF COLUMBIA,2014,12,0,0,0,2510000.0,Winter Storm
DISTRICT OF COLUMBIA,2015,7,0,0,0,0.0,Winter Storm
DISTRICT OF COLUMBIA,2016,4,0,0,0,2530.0,Winter Storm
DISTRICT OF COLUMBIA,2017,3,0,0,0,0.0,Winter Storm
DISTRICT OF COLUMBIA,2018,7,0,0,0,277500.0,Winter Storm
DISTRICT OF COLUMBIA,2019,8,0,0,0,277500.0,Winter Storm
DISTRICT OF COLUMBIA,2021,3,0,0,0,25000.0,Winter Storm
DISTRICT OF COLUMBIA,2022,5,0,0,0,27500.0,Winter Storm
FLORIDA,1996,17,0,0,0,357750.0,Winter Storm
FLORIDA,1997,13,1,0,0,782500.0,Winter Storm
FLORIDA,1999,1,0,0,0,0.0,Winter Storm
FLORIDA,2000,2,0,0,0,0.0,Winter Storm
FLORIDA,2003,6,0,0,0,0.0,Winter Storm
FLORIDA,2006,3,0,0,0,0.0,Winter Storm
FLORIDA,2007,8,0,0,0,500000.0,Winter Storm
FLORIDA,2008,20,0,0,0,525530.0,Winter Storm
FLORIDA,2009,4,0,1,0,75000.0,Winter Storm
FLORIDA,2010,35,1,2,0,657500.0,Winter Storm
FLORIDA,2014,36,0,0,0,535000.0,Winter Storm
FLORIDA,2016,4,0,0,0,250000.0,Winter Storm
FLORIDA,2017,5,0,0,0,5000000.0,Winter Storm
FLORIDA,2018,35,0,0,0,55030.0,Winter Storm
GEORGIA,1996,254,0,1,0,21594370.0,Winter Storm
GEORGIA,1997,137,0,0,0,8338060.0,Winter Storm
GEORGIA,1998,57,0,0,0,5862750.0,Winter Storm
GEORGIA,1999,90,0,0,0,6815590.0,Winter Storm
GEORGIA,2000,282,1,0,0,18352810.0,Winter Storm
GEORGIA,2001,54,0,0,0,1330030.0,Winter Storm
GEORGIA,2002,248,0,0,0,3824020.0,Winter Storm
GEORGIA,2003,70,0,0,0,31108250.0,Winter Storm
GEORGIA,2004,135,4,0,0,9479590.0,Winter Storm
GEORGIA,2005,249,0,0,0,12023280.0,Winter Storm
GEORGIA,2006,75,0,0,0,1433000.0,Winter Storm
GEORGIA,2007,49,0,0,0,713000.0,Winter Storm
GEORGIA,2008,85,0,0,0,3490310.0,Winter Storm
GEORGIA,2009,69,0,0,0,1137500.0,Winter Storm
GEORGIA,2010,377,0,0,4,42858530.0,Winter Storm
GEORGIA,2011,234,0,0,1,13243340.0,Winter Storm
GEORGIA,2013,48,0,0,0,225030.0,Winter Storm
GEORGIA,2014,264,1,0,5,8623060.0,Winter Storm
GEORGIA,2015,123,0,0,1,4917560.0,Winter Storm
GEORGIA,2016,98,0,0,0,9380960.0,Winter Storm
GEORGIA,2017,108,0,0,0,2867500.0,Winter Storm
GEORGIA,2018,179,0,0,1,2363110.0,Winter Storm
GEORGIA,2019,9,0,0,0,30.0,Winter Storm
GEORGIA,2020,51,0,0,0,5880560.0,Winter Storm
GEORGIA,2021,16,0,0,0,605000.0,Winter Storm
GEORGIA,2022,54,0,0,0,2836310.0,Winter Storm
HAWAII,1996,1,0,0,0,2500.0,Winter Storm
HAWAII,1997,2,0,0,0,0.0,Winter Storm
HAWAII,1999,4,0,0,0,2780.0,Winter Storm
HAWAII,2001,4,0,0,0,252500.0,Winter Storm
HAWAII,2002,11,0,0,0,2500.0,Winter Storm
HAWAII,2003,6,0,0,0,0.0,Winter Storm
HAWAII,2004,7,0,0,0,280250.0,Winter Storm
HAWAII,2005,3,0,0,0,25000.0,Winter Storm
HAWAII,2006,3,0,0,0,27500.0,Winter Storm
HAWAII,2007,4,0,0,0,30.0,Winter Storm
HAWAII,2008,5,0,0,0,25280.0,Winter Storm
HAWAII,2010,1,0,0,0,0.0,Winter Storm
HAWAII,2011,8,0,0,0,0.0,Winter Storm
HAWAII,2012,2,0,0,0,0.0,Winter Storm
HAWAII,2014,3,0,0,0,25000.0,Winter Storm
HAWAII,2015,3,0,0,0,2750.0,Winter Storm
HAWAII,2016,2,0,0,0,2500.0,Winter Storm
HAWAII,2017,3,0,0,0,250000.0,Winter Storm
HAWAII,2018,1,0,0,0,0.0,Winter Storm
HAWAII,2021,2,0,0,0,275000.0,Winter Storm
IDAHO,1996,84,0,0,0,662530.0,Winter Storm
IDAHO,1997,67,0,1,0,2912780.0,Winter Storm
IDAHO,1998,103,0,0,0,4367750.0,Winter Storm
IDAHO,1999,150,2,0,0,65076400.0,Winter Storm
IDAHO,2000,112,1,1,0,6870560.0,Winter Storm
IDAHO,2001,193,2,1,0,8251120.0,Winter Storm
IDAHO,2002,191,0,3,0,14950900.0,Winter Storm
IDAHO,2003,160,0,0,0,10965840.0,Winter Storm
IDAHO,2004,127,2,1,0,9800840.0,Winter Storm
IDAHO,2005,115,0,1,0,7695750.0,Winter Storm
IDAHO,2006,157,0,0,0,13053750.0,Winter Storm
IDAHO,2007,123,0,0,0,6582810.0,Winter Storm
IDAHO,2008,239,2,2,0,25454120.0,Winter Storm
IDAHO,2009,130,1,1,1,83151180.0,Winter Storm
IDAHO,2010,131,0,0,0,6226590.0,Winter Storm
IDAHO,2011,101,0,0,1,9257750.0,Winter Storm
IDAHO,2012,111,0,1,2,2100060.0,Winter Storm
IDAHO,2013,113,0,3,0,29563250.0,Winter Storm
IDAHO,2014,211,2,4,1,15941120.0,Winter Storm
IDAHO,2015,176,0,3,0,41133060.0,Winter Storm
IDAHO,2016,129,0,0,1,14550280.0,Winter Storm
IDAHO,2017,266,0,0,1,7740870.0,Winter Storm
IDAHO,2018,174,0,0,1,8085370.0,Winter Storm
IDAHO,2019,394,0,0,3,128143780.0,Winter Storm
IDAHO,2020,253,0,2,1,5461000.0,Winter Storm
IDAHO,2021,194,0,1,2,3435090.0,Winter Storm
IDAHO,2022,86,0,0,1,13438090.0,Winter Storm
ILLINOIS,1996,314,3,5,0,41757580.0,Winter Storm
ILLINOIS,1997,462,15,13,0,83216490.0,Winter Storm
ILLINOIS,1998,231,0,1,0,38636900.0,Winter Storm
ILLINOIS,1999,312,4,3,0,37231620.0,Winter Storm
ILLINOIS,2000,424,7,2,0,15268800.0,Winter Storm
ILLINOIS,2001,112,0,0,0,33156460.0,Winter Storm
ILLINOIS,2002,217,1,0,0,33421590.0,Winter Storm
ILLINOIS,2003,241,0,4,0,34415870.0,Winter Storm
ILLINOIS,2004,205,2,18,0,66706900.0,Winter Storm
ILLINOIS,2005,113,0,3,0,1265310.0,Winter Storm
ILLINOIS,2006,236,1,1,1,22325870.0,Winter Storm
ILLINOIS,2007,510,1,1,7,67526620.0,Winter Storm
ILLINOIS,2008,560,0,12,10,28450310.0,Winter Storm
ILLINOIS,2009,208,0,6,6,35558620.0,Winter Storm
ILLINOIS,2010,456,0,12,13,75718870.0,Winter Storm
ILLINOIS,2011,265,0,10,10,31248060.0,Winter Storm
ILLINOIS,2012,169,0,3,7,10368250.0,Winter Storm
ILLINOIS,2013,326,0,16,1,262068060.0,Winter Storm
ILLINOIS,2014,399,0,13,4,45854840.0,Winter Storm
ILLINOIS,2015,387,0,8,1,44232560.0,Winter Storm
ILLINOIS,2016,136,0,4,4,14269020.0,Winter Storm
ILLINOIS,2017,73,0,0,0,2692750.0,Winter Storm
ILLINOIS,2018,262,0,0,3,60018460.0,Winter Storm
ILLINOIS,2019,374,0,1,4,24984180.0,Winter Storm
ILLINOIS,2020,75,0,2,2,613030.0,Winter Storm
ILLINOIS,2021,406,0,3,2,26800240.0,Winter Storm
ILLINOIS,2022,363,0,0,0,319187950.0,Winter Storm
INDIANA,1996,303,0,0,0,23368490.0,Winter Storm
INDIANA,1997,140,0,0,0,1301150.0,Winter Storm
INDIANA,1998,57,0,0,0,8707780.0,Winter Storm
INDIANA,1999,150,0,0,0,4760560.0,Winter Storm
INDIANA,2000,174,0,0,0,4243530.0,Winter Storm
INDIANA,2001,23,0,0,0,27558250.0,Winter Storm
INDIANA,2002,129,1,0,0,17793000.0,Winter Storm
INDIANA,2003,138,0,0,0,4498000.0,Winter Storm
INDIANA,2004,149,2,1,0,8454400.0,Winter Storm
INDIANA,2005,150,2,1,0,2660560.0,Winter Storm
INDIANA,2006,36,0,0,0,3850060.0,Winter Storm
INDIANA,2007,269,0,0,3,86252870.0,Winter Storm
INDIANA,2008,293,0,1,11,13946650.0,Winter Storm
INDIANA,2009,150,0,0,1,6260530.0,Winter Storm
INDIANA,2010,300,0,1,5,23873340.0,Winter Storm
INDIANA,2011,227,0,2,2,10802780.0,Winter Storm
INDIANA,2012,217,0,0,5,17023030.0,Winter Storm
INDIANA,2013,285,0,0,2,13560400.0,Winter Storm
INDIANA,2014,369,0,0,1,4253900.0,Winter Storm
INDIANA,2015,344,0,2,2,32451120.0,Winter Storm
INDIANA,2016,173,4,0,5,16531370.0,Winter Storm
INDIANA,2017,97,0,0,3,1293030.0,Winter Storm
INDIANA,2018,257,0,0,3,36451090.0,Winter Storm
INDIANA,2019,287,1,0,5,33246400.0,Winter Storm
INDIANA,2020,65,0,0,2,288000.0,Winter Storm
INDIANA,2021,263,1,1,0,10876530.0,Winter Storm
INDIANA,2022,207,1,2,1,10428370.0,Winter Storm
IOWA,1996,785,4,5,0,99201610.0,Winter Storm
IOWA,1997,606,1,0,0,271319520.0,Winter Storm
IOWA,1998,298,1,1,0,39513900.0,Winter Storm
IOWA,1999,430,1,4,0,19075460.0,Winter Storm
IOWA,2000,610,0,0,0,86812860.0,Winter Storm
IOWA,2001,352,0,0,0,90417430.0,Winter Storm
IOWA,2002,162,0,0,0,4555620.0,Winter Storm
IOWA,2003,309,0,0,0,70009710.0,Winter Storm
IOWA,2004,276,0,0,0,19091680.0,Winter Storm
IOWA,2005,264,0,0,0,94468520.0,Winter Storm
IOWA,2006,141,0,0,0,4567810.0,Winter Storm
IOWA,2007,742,1,1,2,53123120.0,Winter Storm
IOWA,2008,700,0,0,4,25960770.0,Winter Storm
IOWA,2009,448,1,0,2,20382120.0,Winter Storm
IOWA,2010,604,1,1,0,140777180.0,Winter Storm
IOWA,2011,247,0,1,3,15603000.0,Winter Storm
IOWA,2012,272,1,1,3,6049560.0,Winter Storm
IOWA,2013,470,0,0,1,39966060.0,Winter Storm
IOWA,2014,292,0,0,0,42283030.0,Winter Storm
IOWA,2015,536,1,2,1,349734060.0,Winter Storm
IOWA,2016,194,0,1,0,12669210.0,Winter Storm
IOWA,2017,239,0,0,0,12091340.0,Winter Storm
IOWA,2018,454,0,0,1,57121180.0,Winter Storm
IOWA,2019,421,0,0,2,21155240.0,Winter Storm
IOWA,2020,319,0,1,3,8991340.0,Winter Storm
IOWA,2021,353,0,0,2,9980240.0,Winter Storm
IOWA,2022,167,0,0,0,8041060.0,Winter Storm
KANSAS,1996,131,1,1,0,31920310.0,Winter Storm
KANSAS,1997,344,5,6,0,69853250.0,Winter Storm
KANSAS,1998,277,3,6,0,37452060.0,Winter Storm
KANSAS,1999,192,3,1,0,7227780.0,Winter Storm
KANSAS,2000,202,2,4,0,5318930.0,Winter Storm
KANSAS,2001,313,3,2,0,17511240.0,Winter Storm
KANSAS,2002,325,1,1,0,8376800.0,Winter Storm
KANSAS,2003,329,10,5,0,12493840.0,Winter Storm
KANSAS,2004,365,4,1,0,19665320.0,Winter Storm
KANSAS,2005,416,3,3,0,30560270.0,Winter Storm
KANSAS,2006,249,0,0,3,35559340.0,Winter Storm
KANSAS,2007,671,1,0,10,254079020.0,Winter Storm
KANSAS,2008,190,0,0,8,59256370.0,Winter Storm
KANSAS,2009,295,0,1,10,69628000.0,Winter Storm
KANSAS,2010,168,0,0,4,304845930.0,Winter Storm
KANSAS,2011,360,0,1,7,69038870.0,Winter Storm
KANSAS,2012,92,0,0,2,28520530.0,Winter Storm
KANSAS,2013,321,0,0,0,63386060.0,Winter Storm
KANSAS,2014,200,0,0,2,34801310.0,Winter Storm
KANSAS,2015,154,0,0,0,282010780.0,Winter Storm
KANSAS,2016,54,1,1,0,1301060.0,Winter Storm
KANSAS,2017,138,0,0,1,14597780.0,Winter Storm
KANSAS,2018,221,1,1,1,33288280.0,Winter Storm
KANSAS,2019,218,0,0,5,8609550.0,Winter Storm
KANSAS,2020,209,0,0,1,15380590.0,Winter Storm
KANSAS,2021,115,0,0,0,33537870.0,Winter Storm
KANSAS,2022,230,0,0,2,55759240.0,Winter Storm
KENTUCKY,1996,334,0,0,0,30959650.0,Winter Storm
KENTUCKY,1997,112,0,0,0,6188030.0,Winter Storm
KENTUCKY,1998,206,2,4,0,60738530.0,Winter Storm
KENTUCKY,1999,120,0,0,0,12040060.0,Winter Storm
KENTUCKY,2000,178,0,0,0,32593750.0,Winter Storm
KENTUCKY,2001,77,0,0,0,3828500.0,Winter Storm
KENTUCKY,2002,197,0,0,0,10207150.0,Winter Storm
KENTUCKY,2003,233,1,1,0,9103560.0,Winter Storm
KENTUCKY,2004,216,0,0,0,8086430.0,Winter Storm
KENTUCKY,2005,65,0,0,0,8403280.0,Winter Storm
KENTUCKY,2006,103,0,0,0,64213900.0,Winter Storm
KENTUCKY,2007,91,0,0,0,3612780.0,Winter Storm
KENTUCKY,2008,407,0,0,5,18783150.0,Winter Storm
KENTUCKY,2009,448,1,2,12,44224240.0,Winter Storm
KENTUCKY,2010,1032,3,1,3,174008170.0,Winter Storm
KENTUCKY,2011,362,2,1,4,47205870.0,Winter Storm
KENTUCKY,2012,410,0,0,0,14366090.0,Winter Storm
KENTUCKY,2013,225,0,1,0,3302620.0,Winter Storm
KENTUCKY,2014,477,8,4,3,269462340.0,Winter Storm
KENTUCKY,2015,479,1,9,7,15164050.0,Winter Storm
KENTUCKY,2016,364,1,1,0,61926050.0,Winter Storm
KENTUCKY,2017,52,0,0,2,860090.0,Winter Storm
KENTUCKY,2018,490,0,2,0,48602040.0,Winter Storm
KENTUCKY,2019,142,0,0,0,27155560.0,Winter Storm
KENTUCKY,2020,75,0,0,3,26613000.0,Winter Storm
KENTUCKY,2021,458,3,3,2,105351050.0,Winter Storm
KENTUCKY,2022,339,0,0,1,10627430.0,Winter Storm
LOUISIANA,1996,84,0,2,0,8545280.0,Winter Storm
LOUISIANA,1997,38,2,3,0,300250.0,Winter Storm
LOUISIANA,1998,24,0,1,0,2802500.0,Winter Storm
LOUISIANA,2000,35,2,2,0,1880250.0,Winter Storm
LOUISIANA,2001,2,1,0,0,25000.0,Winter Storm
LOUISIANA,2002,11,0,0,0,52500.0,Winter Storm
LOUISIANA,2004,21,0,0,0,380000.0,Winter Storm
LOUISIANA,2006,22,0,0,0,3855000.0,Winter Storm
LOUISIANA,2007,14,0,0,0,250250.0,Winter Storm
LOUISIANA,2008,63,0,1,1,78973030.0,Winter Storm
LOUISIANA,2009,27,0,0,0,577500.0,Winter Storm
LOUISIANA,2010,107,0,1,1,8917810.0,Winter Storm
LOUISIANA,2011,73,0,0,3,3607500.0,Winter Storm
LOUISIANA,2013,37,0,0,0,5327530.0,Winter Storm
LOUISIANA,2014,165,0,0,2,5171960.0,Winter Storm
LOUISIANA,2015,58,0,0,0,27977750.0,Winter Storm
LOUISIANA,2016,1,0,0,0,2500.0,Winter Storm
LOUISIANA,2017,64,0,0,0,5552500.0,Winter Storm
LOUISIANA,2018,64,0,0,3,33190530.0,Winter Storm
LOUISIANA,2019,17,0,0,0,530000.0,Winter Storm
LOUISIANA,2021,130,0,2,3,842810.0,Winter Storm
LOUISIANA,2022,24,0,0,0,652500.0,Winter Storm
MAINE,1996,153,0,0,0,1947810.0,Winter Storm
MAINE,1997,128,0,0,0,9742750.0,Winter Storm
MAINE,1998,394,0,2,0,100461930.0,Winter Storm
MAINE,1999,399,0,0,0,33678960.0,Winter Storm
MAINE,2000,334,0,0,0,28770150.0,Winter Storm
MAINE,2001,363,0,1,0,38528890.0,Winter Storm
MAINE,2002,321,0,1,0,13739090.0,Winter Storm
MAINE,2003,259,0,0,0,38571340.0,Winter Storm
MAINE,2004,184,0,0,0,269536400.0,Winter Storm
MAINE,2005,259,0,0,0,8119400.0,Winter Storm
MAINE,2006,21,0,0,0,2810500.0,Winter Storm
MAINE,2007,279,1,0,0,5710870.0,Winter Storm
MAINE,2008,276,0,0,0,6513590.0,Winter Storm
MAINE,2009,196,0,0,0,265121840.0,Winter Storm
MAINE,2010,110,0,0,0,1327500.0,Winter Storm
MAINE,2011,240,0,0,0,11669030.0,Winter Storm
MAINE,2012,114,0,0,0,8767780.0,Winter Storm
MAINE,2013,183,0,0,1,29862780.0,Winter Storm
MAINE,2014,200,0,0,0,18616710.0,Winter Storm
MAINE,2015,190,0,0,0,7105810.0,Winter Storm
MAINE,2016,117,0,0,0,12223310.0,Winter Storm
MAINE,2017,195,0,0,0,36659090.0,Winter Storm
MAINE,2018,200,0,0,0,4127090.0,Winter Storm
MAINE,2019,181,0,0,0,59930840.0,Winter Storm
MAINE,2020,168,1,1,1,6843150.0,Winter Storm
MAINE,2021,127,0,0,0,6997530.0,Winter Storm
MAINE,2022,144,0,0,0,10538680.0,Winter Storm
MARYLAND,1996,157,1,2,0,10107840.0,Winter Storm
MARYLAND,1997,94,0,0,0,3242780.0,Winter Storm
MARYLAND,1998,62,0,0,0,1210250.0,Winter Storm
MARYLAND,1999,104,0,0,0,31165780.0,Winter Storm
MARYLAND,2000,129,1,1,0,51480560.0,Winter Storm
MARYLAND,2001,94,0,0,0,4797930.0,Winter Storm
MARYLAND,2002,113,0,0,0,5010460.0,Winter Storm
MARYLAND,2003,185,2,4,0,107541430.0,Winter Storm
MARYLAND,2004,152,0,2,0,35676310.0,Winter Storm
MARYLAND,2005,183,1,0,0,7362430.0,Winter Storm
MARYLAND,2006,31,0,0,0,6305250.0,Winter Storm
MARYLAND,2007,179,0,0,1,14493560.0,Winter Storm
MARYLAND,2008,132,0,0,1,5893250.0,Winter Storm
MARYLAND,2009,170,1,1,0,30656840.0,Winter Storm
MARYLAND,2010,204,0,1,0,10353840.0,Winter Storm
MARYLAND,2011,169,0,1,0,9292810.0,Winter Storm
MARYLAND,2012,97,0,0,0,10714060.0,Winter Storm
MARYLAND,2013,210,0,0,0,19125560.0,Winter Storm
MARYLAND,2014,329,0,0,0,17652430.0,Winter Storm
MARYLAND,2015,343,2,2,0,14070750.0,Winter Storm
MARYLAND,2016,165,1,1,0,25810680.0,Winter Storm
MARYLAND,2017,134,0,0,0,37130620.0,Winter Storm
MARYLAND,2018,188,0,0,0,8290060.0,Winter Storm
MARYLAND,2019,237,0,0,0,6553810.0,Winter Storm
MARYLAND,2020,55,0,0,0,652500.0,Winter Storm
MARYLAND,2021,183,0,0,0,17073030.0,Winter Storm
MARYLAND,2022,156,0,0,0,12313120.0,Winter Storm
MASSACHUSETTS,1996,213,0,0,0,45705530.0,Winter Storm
MASSACHUSETTS,1997,121,2,0,0,1382780.0,Winter Storm
MASSACHUSETTS,1998,48,0,1,0,26658280.0,Winter Storm
MASSACHUSETTS,1999,102,0,0,0,4405280.0,Winter Storm
MASSACHUSETTS,2000,89,0,0,0,6100030.0,Winter Storm
MASSACHUSETTS,2001,123,0,0,0,11305150.0,Winter Storm
MASSACHUSETTS,2002,48,0,0,0,413030.0,Winter Storm
MASSACHUSETTS,2003,117,0,0,0,1243150.0,Winter Storm
MASSACHUSETTS,2004,52,0,0,0,1107750.0,Winter Storm
MASSACHUSETTS,2005,123,1,0,0,1580460.0,Winter Storm
MASSACHUSETTS,2006,35,0,0,0,5580500.0,Winter Storm
MASSACHUSETTS,2007,106,1,0,0,28243310.0,Winter Storm
MASSACHUSETTS,2008,138,0,0,1,10276530.0,Winter Storm
MASSACHUSETTS,2009,105,0,0,0,80823810.0,Winter Storm
MASSACHUSETTS,2010,58,0,0,0,51045250.0,Winter Storm
MASSACHUSETTS,2011,121,0,0,0,26432750.0,Winter Storm
MASSACHUSETTS,2012,97,0,0,0,9856060.0,Winter Storm
MASSACHUSETTS,2013,148,0,0,2,3818780.0,Winter Storm
MASSACHUSETTS,2014,119,0,0,0,8969150.0,Winter Storm
MASSACHUSETTS,2015,189,0,0,3,6964030.0,Winter Storm
MASSACHUSETTS,2016,157,0,1,0,30460840.0,Winter Storm
MASSACHUSETTS,2017,148,3,0,1,4517530.0,Winter Storm
MASSACHUSETTS,2018,127,0,0,0,4450500.0,Winter Storm
MASSACHUSETTS,2019,94,0,0,0,56687750.0,Winter Storm
MASSACHUSETTS,2020,66,0,0,0,6115030.0,Winter Storm
MASSACHUSETTS,2021,59,0,0,0,51632750.0,Winter Storm
MASSACHUSETTS,2022,87,0,0,0,4316060.0,Winter Storm
MICHIGAN,1996,268,1,3,0,9846090.0,Winter Storm
MICHIGAN,1997,435,0,2,0,15269340.0,Winter Storm
MICHIGAN,1998,355,0,1,0,20694180.0,Winter Storm
MICHIGAN,1999,422,5,2,0,37046180.0,Winter Storm
MICHIGAN,2000,396,1,0,0,54445180.0,Winter Storm
MICHIGAN,2001,157,1,0,0,257703060.0,Winter Storm
MICHIGAN,2002,353,2,0,0,11791740.0,Winter Storm
MICHIGAN,2003,305,1,3,0,145112150.0,Winter Storm
MICHIGAN,2004,365,0,0,0,63805550.0,Winter Storm
MICHIGAN,2005,417,0,1,0,36647090.0,Winter Storm
MICHIGAN,2006,362,0,0,1,16889080.0,Winter Storm
MICHIGAN,2007,580,18,1,12,47692020.0,Winter Storm
MICHIGAN,2008,707,0,0,1,167251840.0,Winter Storm
MICHIGAN,2009,425,0,0,0,94044620.0,Winter Storm
MICHIGAN,2010,237,0,0,1,10280810.0,Winter Storm
MICHIGAN,2011,368,0,1,3,16396340.0,Winter Storm
MICHIGAN,2012,296,0,0,0,9271090.0,Winter Storm
MICHIGAN,2013,500,1,0,1,41650060.0,Winter Storm
MICHIGAN,2014,487,0,0,2,10019710.0,Winter Storm
MICHIGAN,2015,367,0,0,0,102285120.0,Winter Storm
MICHIGAN,2016,455,0,0,0,41818390.0,Winter Storm
MICHIGAN,2017,224,0,0,6,6788090.0,Winter Storm
MICHIGAN,2018,336,0,4,4,15219150.0,Winter Storm
MICHIGAN,2019,551,0,2,2,43324450.0,Winter Storm
MICHIGAN,2020,207,0,1,2,154721370.0,Winter Storm
MICHIGAN,2021,245,0,0,2,545630560.0,Winter Storm
MICHIGAN,2022,219,0,0,0,35234300.0,Winter Storm
MINNESOTA,1996,910,1,4,0,426705220.0,Winter Storm
MINNESOTA,1997,432,2,2,0,42903710.0,Winter Storm
MINNESOTA,1998,166,1,0,0,10853750.0,Winter Storm
MINNESOTA,1999,262,0,0,0,10478900.0,Winter Storm
MINNESOTA,2000,268,0,0,0,9213530.0,Winter Storm
MINNESOTA,2001,378,0,0,0,26810180.0,Winter Storm
MINNESOTA,2002,222,2,1,0,8198680.0,Winter Storm
MINNESOTA,2003,307,0,0,0,40827400.0,Winter Storm
MINNESOTA,2004,375,0,0,0,99227430.0,Winter Storm
MINNESOTA,2005,410,0,2,0,577652460.0,Winter Storm
MINNESOTA,2006,223,0,0,4,262161430.0,Winter Storm
MINNESOTA,2007,449,0,0,1,13093960.0,Winter Storm
MINNESOTA,2008,577,1,2,2,315081770.0,Winter Storm
MINNESOTA,2009,594,0,3,2,353894400.0,Winter Storm
MINNESOTA,2010,610,1,2,3,178247120.0,Winter Storm
MINNESOTA,2011,258,0,1,3,10643000.0,Winter Storm
MINNESOTA,2012,194,0,2,1,36376340.0,Winter Storm
MINNESOTA,2013,653,1,0,1,74416840.0,Winter Storm
MINNESOTA,2014,518,0,5,4,37972210.0,Winter Storm
MINNESOTA,2015,249,0,1,2,115526250.0,Winter Storm
MINNESOTA,2016,343,0,2,4,42230740.0,Winter Storm
MINNESOTA,2017,193,0,1,3,10514530.0,Winter Storm
MINNESOTA,2018,624,0,0,6,26064330.0,Winter Storm
MINNESOTA,2019,738,0,0,0,344694790.0,Winter Storm
MINNESOTA,2020,478,0,1,3,378387460.0,Winter Storm
MINNESOTA,2021,324,0,0,4,14085280.0,Winter Storm
MINNESOTA,2022,287,0,0,1,9672300.0,Winter Storm
MISSISSIPPI,1996,83,0,3,0,5997870.0,Winter Storm
MISSISSIPPI,1997,16,0,0,0,50000.0,Winter Storm
MISSISSIPPI,1998,74,0,0,0,1145810.0,Winter Storm
MISSISSIPPI,2000,84,0,0,0,4218750.0,Winter Storm
MISSISSIPPI,2001,3,0,0,0,252500.0,Winter Storm
MISSISSIPPI,2002,22,0,0,0,605090.0,Winter Storm
MISSISSIPPI,2003,8,0,1,0,25000.0,Winter Storm
MISSISSIPPI,2004,21,0,1,0,2852750.0,Winter Storm
MISSISSIPPI,2006,32,0,0,0,555060.0,Winter Storm
MISSISSIPPI,2007,19,0,0,0,250000.0,Winter Storm
MISSISSIPPI,2008,118,0,0,2,6698310.0,Winter Storm
MISSISSIPPI,2009,63,0,0,0,3482750.0,Winter Storm
MISSISSIPPI,2010,172,0,2,2,7788560.0,Winter Storm
MISSISSIPPI,2011,186,0,1,4,3398530.0,Winter Storm
MISSISSIPPI,2013,82,0,0,0,3487750.0,Winter Storm
MISSISSIPPI,2014,65,0,0,1,5580060.0,Winter Storm
MISSISSIPPI,2015,128,0,0,4,31193030.0,Winter Storm
MISSISSIPPI,2016,13,0,0,0,528030.0,Winter Storm
MISSISSIPPI,2017,96,0,1,1,81232780.0,Winter Storm
MISSISSIPPI,2018,103,1,0,1,3298180.0,Winter Storm
MISSISSIPPI,2019,1,0,1,0,2500.0,Winter Storm
MISSISSIPPI,2021,239,0,0,0,39231340.0,Winter Storm
MISSISSIPPI,2022,81,0,0,0,36455370.0,Winter Storm
MISSOURI,1996,138,0,0,0,8723370.0,Winter Storm
MISSOURI,1997,312,1,0,0,14331810.0,Winter Storm
MISSOURI,1998,196,0,0,0,11545460.0,Winter Storm
MISSOURI,1999,164,0,0,0,104261000.0,Winter Storm
MISSOURI,2000,276,0,0,0,23231900.0,Winter Storm
MISSOURI,2001,178,0,0,0,11994430.0,Winter Storm
MISSOURI,2002,271,0,0,0,12342310.0,Winter Storm
MISSOURI,2003,281,0,0,0,12326090.0,Winter Storm
MISSOURI,2004,204,0,0,0,6768430.0,Winter Storm
MISSOURI,2005,97,0,1,0,12807530.0,Winter Storm
MISSOURI,2006,217,2,0,2,9360400.0,Winter Storm
MISSOURI,2007,349,0,0,2,11885840.0,Winter Storm
MISSOURI,2008,321,0,0,4,12672810.0,Winter Storm
MISSOURI,2009,180,0,0,3,56598250.0,Winter Storm
MISSOURI,2010,243,0,0,1,14678460.0,Winter Storm
MISSOURI,2011,352,0,1,3,11284530.0,Winter Storm
MISSOURI,2012,125,0,0,0,9125810.0,Winter Storm
MISSOURI,2013,382,0,1,2,17494340.0,Winter Storm
MISSOURI,2014,318,0,0,1,14130990.0,Winter Storm
MISSOURI,2015,238,0,0,1,89544340.0,Winter Storm
MISSOURI,2016,44,0,0,3,610430.0,Winter Storm
MISSOURI,2017,78,0,0,3,14961530.0,Winter Storm
MISSOURI,2018,186,0,2,5,4185680.0,Winter Storm
MISSOURI,2019,234,0,0,10,64190210.0,Winter Storm
MISSOURI,2020,117,0,0,2,1832810.0,Winter Storm
MISSOURI,2021,293,0,0,2,8891180.0,Winter Storm
MISSOURI,2022,317,0,0,1,12429520.0,Winter Storm
MONTANA,1996,252,1,5,0,10901150.0,Winter Storm
MONTANA,1997,174,0,2,0,4668340.0,Winter Storm
MONTANA,1998,161,1,1,0,10831370.0,Winter Storm
MONTANA,1999,144,0,1,0,1780280.0,Winter Storm
MONTANA,2000,251,0,0,0,16435250.0,Winter Storm
MONTANA,2001,199,1,1,0,6325400.0,Winter Storm
MONTANA,2002,333,0,0,0,11803560.0,Winter Storm
MONTANA,2003,378,1,0,0,20162580.0,Winter Storm
MONTANA,2004,204,2,1,0,3990680.0,Winter Storm
MONTANA,2005,300,1,1,0,116692900.0,Winter Storm
MONTANA,2006,248,2,0,0,85323590.0,Winter Storm
MONTANA,2007,202,0,0,0,31895780.0,Winter Storm
MONTANA,2008,440,0,1,2,14907340.0,Winter Storm
MONTANA,2009,366,1,2,0,82849370.0,Winter Storm
MONTANA,2010,387,0,0,1,34180030.0,Winter Storm
MONTANA,2011,404,0,0,0,54361280.0,Winter Storm
MONTANA,2012,290,2,1,2,38444960.0,Winter Storm
MONTANA,2013,457,0,0,5,18031310.0,Winter Storm
MONTANA,2014,387,1,2,2,12691280.0,Winter Storm
MONTANA,2015,141,1,0,2,8938030.0,Winter Storm
MONTANA,2016,156,0,1,1,11877560.0,Winter Storm
MONTANA,2017,275,1,1,2,72450590.0,Winter Storm
MONTANA,2018,277,0,0,4,8287900.0,Winter Storm
MONTANA,2019,345,2,2,0,17836090.0,Winter Storm
MONTANA,2020,317,1,1,1,14238280.0,Winter Storm
MONTANA,2021,204,1,0,3,8903650.0,Winter Storm
MONTANA,2022,200,0,0,0,11843280.0,Winter Storm
NEBRASKA,1996,456,2,2,0,128148960.0,Winter Storm
NEBRASKA,1997,631,5,2,0,83848370.0,Winter Storm
NEBRASKA,1998,255,7,1,0,308680280.0,Winter Storm
NEBRASKA,1999,249,8,3,0,13616960.0,Winter Storm
NEBRASKA,2000,240,1,0,0,280892900.0,Winter Storm
NEBRASKA,2001,331,0,0,0,25519960.0,Winter Storm
NEBRASKA,2002,183,0,0,0,32376430.0,Winter Storm
NEBRASKA,2003,155,0,0,0,3123560.0,Winter Storm
NEBRASKA,2004,314,1,3,0,20800420.0,Winter Storm
NEBRASKA,2005,245,0,1,0,323325210.0,Winter Storm
NEBRASKA,2006,256,0,0,2,39108560.0,Winter Storm
NEBRASKA,2007,343,0,0,1,34981180.0,Winter Storm
NEBRASKA,2008,245,0,0,0,68796120.0,Winter Storm
NEBRASKA,2009,495,0,1,3,24003090.0,Winter Storm
NEBRASKA,2010,275,0,0,7,159463120.0,Winter Storm
NEBRASKA,2011,421,0,0,4,66333530.0,Winter Storm
NEBRASKA,2012,177,0,0,3,7070500.0,Winter Storm
NEBRASKA,2013,362,0,1,8,271998560.0,Winter Storm
NEBRASKA,2014,271,0,0,1,73498490.0,Winter Storm
NEBRASKA,2015,312,0,0,0,134615810.0,Winter Storm
NEBRASKA,2016,201,0,0,0,256595800.0,Winter Storm
NEBRASKA,2017,262,0,0,0,86673370.0,Winter Storm
NEBRASKA,2018,496,0,0,3,50861900.0,Winter Storm
NEBRASKA,2019,463,1,0,1,270564210.0,Winter Storm
NEBRASKA,2020,310,0,0,1,23830810.0,Winter Storm
NEBRASKA,2021,242,0,0,0,10298650.0,Winter Storm
NEBRASKA,2022,58,0,0,0,3823310.0,Winter Storm
NEVADA,1996,30,1,0,0,862750.0,Winter Storm
NEVADA,1997,50,0,0,0,105000.0,Winter Storm
NEVADA,1998,90,1,1,0,8313780.0,Winter Storm
NEVADA,1999,78,0,0,0,28405310.0,Winter Storm
NEVADA,2000,66,0,0,0,705250.0,Winter Storm
NEVADA,2001,64,0,0,0,7288280.0,Winter Storm
NEVADA,2002,45,0,2,0,1512530.0,Winter Storm
NEVADA,2003,49,0,0,0,585000.0,Winter Storm
NEVADA,2004,70,0,0,0,1648310.0,Winter Storm
NEVADA,2005,49,0,1,0,30727530.0,Winter Storm
NEVADA,2006,47,2,2,0,25635060.0,Winter Storm
NEVADA,2007,48,1,2,0,3283030.0,Winter Storm
NEVADA,2008,82,0,1,0,9310250.0,Winter Storm
NEVADA,2009,50,0,0,1,6697810.0,Winter Storm
NEVADA,2010,50,0,0,1,3060030.0,Winter Storm
NEVADA,2011,47,0,2,0,2852500.0,Winter Storm
NEVADA,2012,46,0,1,0,690280.0,Winter Storm
NEVADA,2013,32,0,0,0,505030.0,Winter Storm
NEVADA,2014,18,0,1,0,50000.0,Winter Storm
NEVADA,2015,38,0,0,1,532500.0,Winter Storm
NEVADA,2016,40,0,2,1,10560030.0,Winter Storm
NEVADA,2017,45,0,1,2,2630250.0,Winter Storm
NEVADA,2018,104,0,1,3,3785530.0,Winter Storm
NEVADA,2019,128,0,1,3,7320060.0,Winter Storm
NEVADA,2020,57,0,0,0,25080030.0,Winter Storm
NEVADA,2021,124,0,0,2,4505780.0,Winter Storm
NEVADA,2022,38,1,0,3,5607500.0,Winter Storm
NEW HAMPSHIRE,1996,104,1,2,0,1352750.0,Winter Storm
NEW HAMPSHIRE,1997,75,0,0,0,26187560.0,Winter Storm
NEW HAMPSHIRE,1998,153,2,0,0,29340870.0,Winter Storm
NEW HAMPSHIRE,1999,172,0,0,0,36297840.0,Winter Storm
NEW HAMPSHIRE,2000,150,0,0,0,5028590.0,Winter Storm
NEW HAMPSHIRE,2001,205,1,0,0,37628770.0,Winter Storm
NEW HAMPSHIRE,2002,193,0,0,0,7475840.0,Winter Storm
NEW HAMPSHIRE,2003,115,0,0,0,32075810.0,Winter Storm
NEW HAMPSHIRE,2004,68,0,0,0,438090.0,Winter Storm
NEW HAMPSHIRE,2005,118,0,0,0,1850530.0,Winter Storm
NEW HAMPSHIRE,2006,17,0,0,0,405500.0,Winter Storm
NEW HAMPSHIRE,2007,122,0,0,2,7320810.0,Winter Storm
NEW HAMPSHIRE,2008,128,0,0,0,7522780.0,Winter Storm
NEW HAMPSHIRE,2009,96,0,0,0,1750560.0,Winter Storm
NEW HAMPSHIRE,2010,47,0,0,0,3132560.0,Winter Storm
NEW HAMPSHIRE,2011,104,0,0,0,51268280.0,Winter Storm
NEW HAMPSHIRE,2012,39,0,0,0,438250.0,Winter Storm
NEW HAMPSHIRE,2013,74,0,0,0,1115310.0,Winter Storm
NEW HAMPSHIRE,2014,84,0,0,0,2418000.0,Winter Storm
NEW HAMPSHIRE,2015,66,0,0,0,8270780.0,Winter Storm
NEW HAMPSHIRE,2016,37,0,1,0,302500.0,Winter Storm
NEW HAMPSHIRE,2017,96,0,0,0,4442780.0,Winter Storm
NEW HAMPSHIRE,2018,90,0,0,0,3950810.0,Winter Storm
NEW HAMPSHIRE,2019,63,0,0,0,3335840.0,Winter Storm
NEW HAMPSHIRE,2020,66,0,0,0,3850530.0,Winter Storm
NEW HAMPSHIRE,2021,34,0,0,0,5327530.0,Winter Storm
NEW HAMPSHIRE,2022,61,0,1,0,25463340.0,Winter Storm
NEW JERSEY,1996,168,0,4,0,38245870.0,Winter Storm
NEW JERSEY,1997,215,0,0,0,5616120.0,Winter Storm
NEW JERSEY,1998,46,0,0,0,3375250.0,Winter Storm
NEW JERSEY,1999,84,1,0,0,4403340.0,Winter Storm
NEW JERSEY,2000,204,1,0,0,12638620.0,Winter Storm
NEW JERSEY,2001,160,0,0,0,10141090.0,Winter Storm
NEW JERSEY,2002,105,0,0,0,31806750.0,Winter Storm
NEW JERSEY,2003,258,5,2,0,38681500.0,Winter Storm
NEW JERSEY,2004,264,0,1,0,16032120.0,Winter Storm
NEW JERSEY,2005,342,0,2,0,38747270.0,Winter Storm
NEW JERSEY,2006,70,0,0,0,1565500.0,Winter Storm
NEW JERSEY,2007,256,0,2,3,8378530.0,Winter Storm
NEW JERSEY,2008,171,1,0,1,3463250.0,Winter Storm
NEW JERSEY,2009,245,2,1,1,80873530.0,Winter Storm
NEW JERSEY,2010,231,1,2,0,2743780.0,Winter Storm
NEW JERSEY,2011,235,1,0,1,33131060.0,Winter Storm
NEW JERSEY,2012,107,0,0,0,3685560.0,Winter Storm
NEW JERSEY,2013,256,1,0,2,7898780.0,Winter Storm
NEW JERSEY,2014,396,5,0,3,23374490.0,Winter Storm
NEW JERSEY,2015,431,1,3,7,84335090.0,Winter Storm
NEW JERSEY,2016,147,0,1,4,761623090.0,Winter Storm
NEW JERSEY,2017,120,0,0,0,3620750.0,Winter Storm
NEW JERSEY,2018,189,0,1,0,33843500.0,Winter Storm
NEW JERSEY,2019,166,0,0,0,1675870.0,Winter Storm
NEW JERSEY,2020,37,0,0,0,585250.0,Winter Storm
NEW JERSEY,2021,164,0,0,0,41895030.0,Winter Storm
NEW JERSEY,2022,165,0,0,1,32929140.0,Winter Storm
NEW MEXICO,1996,66,0,1,0,25397810.0,Winter Storm
NEW MEXICO,1997,146,0,10,0,4046280.0,Winter Storm
NEW MEXICO,1998,28,0,0,0,810250.0,Winter Storm
NEW MEXICO,1999,61,0,0,0,862780.0,Winter Storm
NEW MEXICO,2000,40,0,0,0,4077500.0,Winter Storm
NEW MEXICO,2001,41,0,1,0,2835030.0,Winter Storm
NEW MEXICO,2002,29,0,0,0,3387500.0,Winter Storm
NEW MEXICO,2003,13,0,0,0,527500.0,Winter Storm
NEW MEXICO,2004,84,0,0,0,867810.0,Winter Storm
NEW MEXICO,2005,39,0,0,0,5385310.0,Winter Storm
NEW MEXICO,2006,66,0,0,0,32562780.0,Winter Storm
NEW MEXICO,2007,106,0,0,1,3410780.0,Winter Storm
NEW MEXICO,2008,78,0,1,1,3868030.0,Winter Storm
NEW MEXICO,2009,119,0,1,9,4303060.0,Winter Storm
NEW MEXICO,2010,255,0,0,9,8215280.0,Winter Storm
NEW MEXICO,2011,232,0,4,3,5090560.0,Winter Storm
NEW MEXICO,2012,100,0,0,1,6427750.0,Winter Storm
NEW MEXICO,2013,121,3,3,1,1988500.0,Winter Storm
NEW MEXICO,2014,69,0,0,0,28130030.0,Winter Storm
NEW MEXICO,2015,250,1,0,1,45521370.0,Winter Storm
NEW MEXICO,2016,54,0,0,2,25682780.0,Winter Storm
NEW MEXICO,2017,99,0,0,0,1362780.0,Winter Storm
NEW MEXICO,2018,103,1,0,2,56082500.0,Winter Storm
NEW MEXICO,2019,129,0,0,1,261095340.0,Winter Storm
NEW MEXICO,2020,118,0,0,0,5192500.0,Winter Storm
NEW MEXICO,2021,126,1,0,0,27002500.0,Winter Storm
NEW MEXICO,2022,68,0,0,4,1227840.0,Winter Storm
NEW YORK,1996,513,8,4,0,202170680.0,Winter Storm
NEW YORK,1997,575,4,3,0,17498930.0,Winter Storm
NEW YORK,1998,260,1,1,0,7043400.0,Winter Storm
NEW YORK,1999,504,2,0,0,24586240.0,Winter Storm
NEW YORK,2000,619,0,1,0,32702460.0,Winter Storm
NEW YORK,2001,376,0,0,0,34245180.0,Winter Storm
NEW YORK,2002,414,0,0,0,322651370.0,Winter Storm
NEW YORK,2003,503,2,1,0,121715400.0,Winter Storm
NEW YORK,2004,336,0,1,0,50202640.0,Winter Storm
NEW YORK,2005,561,1,2,0,62315920.0,Winter Storm
NEW YORK,2006,217,0,1,0,5663150.0,Winter Storm
NEW YORK,2007,698,0,0,5,113014820.0,Winter Storm
NEW YORK,2008,857,0,0,6,416909240.0,Winter Storm
NEW YORK,2009,408,0,1,2,294100400.0,Winter Storm
NEW YORK,2010,295,1,2,1,37415870.0,Winter Storm
NEW YORK,2011,457,0,0,1,12199090.0,Winter Storm
NEW YORK,2012,267,1,1,0,9504810.0,Winter Storm
NEW YORK,2013,428,0,5,0,17558560.0,Winter Storm
NEW YORK,2014,626,7,1,3,25559110.0,Winter Storm
NEW YORK,2015,487,0,1,0,118371990.0,Winter Storm
NEW YORK,2016,323,1,1,5,326671090.0,Winter Storm
NEW YORK,2017,467,0,0,0,23440090.0,Winter Storm
NEW YORK,2018,628,0,2,1,56665990.0,Winter Storm
NEW YORK,2019,558,0,0,1,342764230.0,Winter Storm
NEW YORK,2020,314,1,0,2,12260490.0,Winter Storm
NEW YORK,2021,440,0,0,0,95804550.0,Winter Storm
NEW YORK,2022,564,0,1,2,49493610.0,Winter Storm
NORTH CAROLINA,1996,568,10,11,0,47455580.0,Winter Storm
NORTH CAROLINA,1997,267,0,3,0,11063430.0,Winter Storm
NORTH CAROLINA,1998,313,4,2,0,281291870.0,Winter Storm
NORTH CAROLINA,1999,247,0,0,0,9770680.0,Winter Storm
NORTH CAROLINA,2000,531,0,1,0,77946480.0,Winter Storm
NORTH CAROLINA,2001,130,0,0,0,6790620.0,Winter Storm
NORTH CAROLINA,2002,261,1,0,0,38544460.0,Winter Storm
NORTH CAROLINA,2003,484,0,0,0,56564240.0,Winter Storm
NORTH CAROLINA,2004,531,0,0,0,90622540.0,Winter Storm
NORTH CAROLINA,2005,396,1,2,0,70837240.0,Winter Storm
NORTH CAROLINA,2006,141,0,0,0,39227750.0,Winter Storm
NORTH CAROLINA,2007,239,0,0,3,15451400.0,Winter Storm
NORTH CAROLINA,2008,265,0,1,0,26186650.0,Winter Storm
NORTH CAROLINA,2009,377,0,0,3,37912240.0,Winter Storm
NORTH CAROLINA,2010,700,1,3,13,64356260.0,Winter Storm
NORTH CAROLINA,2011,239,0,0,3,28923750.0,Winter Storm
NORTH CAROLINA,2012,102,0,0,0,14203560.0,Winter Storm
NORTH CAROLINA,2013,302,0,0,0,8652780.0,Winter Storm
NORTH CAROLINA,2014,489,2,3,0,262630120.0,Winter Storm
NORTH CAROLINA,2015,411,0,1,1,354827310.0,Winter Storm
NORTH CAROLINA,2016,223,0,0,4,18102810.0,Winter Storm
NORTH CAROLINA,2017,264,0,0,0,25506300.0,Winter Storm
NORTH CAROLINA,2018,439,0,0,6,21241330.0,Winter Storm
NORTH CAROLINA,2019,157,0,0,0,4994840.0,Winter Storm
NORTH CAROLINA,2020,197,0,0,0,57053030.0,Winter Storm
NORTH CAROLINA,2021,225,0,0,0,85600840.0,Winter Storm
NORTH CAROLINA,2022,256,0,0,0,40998310.0,Winter Storm
NORTH DAKOTA,1996,596,2,6,0,311231920.0,Winter Storm
NORTH DAKOTA,1997,313,51,10,0,8046370.0,Winter Storm
NORTH DAKOTA,1998,152,4,0,0,2886000.0,Winter Storm
NORTH DAKOTA,1999,197,0,1,0,79983530.0,Winter Storm
NORTH DAKOTA,2000,343,1,0,0,29717020.0,Winter Storm
NORTH DAKOTA,2001,84,0,0,0,37060060.0,Winter Storm
NORTH DAKOTA,2002,105,0,0,0,55905620.0,Winter Storm
NORTH DAKOTA,2003,152,3,3,0,3495780.0,Winter Storm
NORTH DAKOTA,2004,371,0,0,0,59633920.0,Winter Storm
NORTH DAKOTA,2005,216,0,0,0,37659340.0,Winter Storm
NORTH DAKOTA,2006,166,0,0,1,32575750.0,Winter Storm
NORTH DAKOTA,2007,163,0,0,2,35198000.0,Winter Storm
NORTH DAKOTA,2008,218,1,1,0,17993000.0,Winter Storm
NORTH DAKOTA,2009,418,0,0,0,18539090.0,Winter Storm
NORTH DAKOTA,2010,423,0,0,0,38874090.0,Winter Storm
NORTH DAKOTA,2011,225,1,1,0,10565530.0,Winter Storm
NORTH DAKOTA,2012,96,0,0,0,460280.0,Winter Storm
NORTH DAKOTA,2013,365,0,0,0,16197150.0,Winter Storm
NORTH DAKOTA,2014,200,0,0,1,29151340.0,Winter Storm
NORTH DAKOTA,2015,65,0,0,0,5962500.0,Winter Storm
NORTH DAKOTA,2016,183,0,0,0,17783030.0,Winter Storm
NORTH DAKOTA,2017,101,0,0,0,78005120.0,Winter Storm
NORTH DAKOTA,2018,204,0,0,0,11490340.0,Winter Storm
NORTH DAKOTA,2019,402,0,0,0,38876650.0,Winter Storm
NORTH DAKOTA,2020,99,0,0,0,4527500.0,Winter Storm
NORTH DAKOTA,2021,127,0,0,0,5178000.0,Winter Storm
NORTH DAKOTA,2022,290,0,2,0,67544270.0,Winter Storm
OHIO,1996,344,2,5,0,40722990.0,Winter Storm
OHIO,1997,162,1,2,0,39518060.0,Winter Storm
OHIO,1998,58,11,0,0,50840000.0,Winter Storm
OHIO,1999,356,29,0,0,14927900.0,Winter Storm
OHIO,2000,220,0,0,0,7780780.0,Winter Storm
OHIO,2001,55,0,0,0,2992500.0,Winter Storm
OHIO,2002,200,0,0,0,22570930.0,Winter Storm
OHIO,2003,139,0,0,0,32047810.0,Winter Storm
OHIO,2004,207,0,0,0,7013770.0,Winter Storm
OHIO,2005,222,0,0,0,49249400.0,Winter Storm
OHIO,2006,27,0,0,1,5030030.0,Winter Storm
OHIO,2007,272,1,1,0,40873900.0,Winter Storm
OHIO,2008,364,0,0,2,11784120.0,Winter Storm
OHIO,2009,186,0,0,0,37089060.0,Winter Storm
OHIO,2010,321,0,0,0,14392680.0,Winter Storm
OHIO,2011,225,0,0,1,7983060.0,Winter Storm
OHIO,2012,270,0,0,0,9696840.0,Winter Storm
OHIO,2013,343,3,1,0,14825210.0,Winter Storm
OHIO,2014,497,0,1,2,22765310.0,Winter Storm
OHIO,2015,408,0,1,0,95739060.0,Winter Storm
OHIO,2016,340,0,0,0,14504870.0,Winter Storm
OHIO,2017,238,0,0,0,7798340.0,Winter Storm
OHIO,2018,333,0,0,3,68061430.0,Winter Storm
OHIO,2019,328,1,0,3,42379270.0,Winter Storm
OHIO,2020,323,0,0,0,9255530.0,Winter Storm
OHIO,2021,309,0,1,0,17291680.0,Winter Storm
OHIO,2022,246,0,0,0,42879650.0,Winter Storm
OKLAHOMA,1996,231,0,2,0,7804590.0,Winter Storm
OKLAHOMA,1997,159,0,2,0,6283340.0,Winter Storm
OKLAHOMA,1998,162,0,0,0,6177930.0,Winter Storm
OKLAHOMA,1999,127,0,0,0,4408620.0,Winter Storm
OKLAHOMA,2000,306,0,0,0,16904310.0,Winter Storm
OKLAHOMA,2001,83,0,0,0,4196340.0,Winter Storm
OKLAHOMA,2002,183,0,0,0,5927960.0,Winter Storm
OKLAHOMA,2003,130,2,0,0,2702810.0,Winter Storm
OKLAHOMA,2004,113,0,0,0,8673870.0,Winter Storm
OKLAHOMA,2005,75,0,0,0,15465780.0,Winter Storm
OKLAHOMA,2006,127,0,0,0,11890560.0,Winter Storm
OKLAHOMA,2007,234,0,4,14,28950900.0,Winter Storm
OKLAHOMA,2008,131,0,2,5,7330030.0,Winter Storm
OKLAHOMA,2009,174,1,1,6,5468780.0,Winter Storm
OKLAHOMA,2010,214,0,0,1,7448560.0,Winter Storm
OKLAHOMA,2011,279,0,1,5,15464810.0,Winter Storm
OKLAHOMA,2012,33,0,0,1,407530.0,Winter Storm
OKLAHOMA,2013,298,0,0,1,14243590.0,Winter Storm
OKLAHOMA,2014,172,0,0,0,5052780.0,Winter Storm
OKLAHOMA,2015,221,0,0,2,16460280.0,Winter Storm
OKLAHOMA,2017,38,1,1,1,6060000.0,Winter Storm
OKLAHOMA,2018,20,0,0,0,25752500.0,Winter Storm
OKLAHOMA,2019,25,0,0,0,325000.0,Winter Storm
OKLAHOMA,2020,116,0,0,1,503363030.0,Winter Storm
OKLAHOMA,2021,183,0,2,1,5270560.0,Winter Storm
OKLAHOMA,2022,105,0,0,0,4915710.0,Winter Storm
OREGON,1994,1,0,0,0,0.0,Winter Storm
OREGON,1996,143,1,1,0,4295780.0,Winter Storm
OREGON,1997,34,3,0,0,32500.0,Winter Storm
OREGON,1998,105,5,6,0,11450340.0,Winter Storm
OREGON,1999,146,1,1,0,8821870.0,Winter Storm
OREGON,2000,65,3,3,0,7137530.0,Winter Storm
OREGON,2001,107,0,0,0,55065060.0,Winter Storm
OREGON,2002,98,0,0,0,2098530.0,Winter Storm
OREGON,2003,86,1,0,0,863090.0,Winter Storm
OREGON,2004,118,0,1,0,6658460.0,Winter Storm
OREGON,2005,127,1,0,0,37538460.0,Winter Storm
OREGON,2006,85,0,0,0,4293060.0,Winter Storm
OREGON,2007,117,0,0,6,51740500.0,Winter Storm
OREGON,2008,201,0,0,3,3190810.0,Winter Storm
OREGON,2009,52,0,0,0,1107500.0,Winter Storm
OREGON,2010,92,1,1,0,2047750.0,Winter Storm
OREGON,2011,60,0,0,2,3617500.0,Winter Storm
OREGON,2012,106,0,0,0,4777530.0,Winter Storm
OREGON,2013,32,0,0,0,207500.0,Winter Storm
OREGON,2014,102,1,0,0,740500.0,Winter Storm
OREGON,2015,56,0,0,0,2550000.0,Winter Storm
OREGON,2016,73,0,0,0,3728250.0,Winter Storm
OREGON,2017,124,0,1,2,8098060.0,Winter Storm
OREGON,2018,31,0,1,1,805030.0,Winter Storm
OREGON,2019,112,0,0,1,5515500.0,Winter Storm
OREGON,2020,42,0,0,3,3027530.0,Winter Storm
OREGON,2021,93,0,1,0,27500250.0,Winter Storm
OREGON,2022,41,0,0,0,375400.0,Winter Storm
PENNSYLVANIA,1996,296,3,6,0,12879800.0,Winter Storm
PENNSYLVANIA,1997,353,0,1,0,4866400.0,Winter Storm
PENNSYLVANIA,1998,174,2,0,0,7202590.0,Winter Storm
PENNSYLVANIA,1999,346,10,3,0,45346150.0,Winter Storm
PENNSYLVANIA,2000,396,0,0,0,71485990.0,Winter Storm
PENNSYLVANIA,2001,230,0,0,0,7561090.0,Winter Storm
PENNSYLVANIA,2002,383,1,1,0,75770020.0,Winter Storm
PENNSYLVANIA,2003,350,2,3,0,267614650.0,Winter Storm
PENNSYLVANIA,2004,408,2,4,0,24035390.0,Winter Storm
PENNSYLVANIA,2005,538,1,4,0,69901080.0,Winter Storm
PENNSYLVANIA,2006,79,0,3,0,11291000.0,Winter Storm
PENNSYLVANIA,2007,388,0,1,4,16881280.0,Winter Storm
PENNSYLVANIA,2008,366,3,0,9,45916840.0,Winter Storm
PENNSYLVANIA,2009,333,6,0,5,46489400.0,Winter Storm
PENNSYLVANIA,2010,247,0,0,2,287106650.0,Winter Storm
PENNSYLVANIA,2011,327,1,1,4,38542840.0,Winter Storm
PENNSYLVANIA,2012,201,0,0,3,11771780.0,Winter Storm
PENNSYLVANIA,2013,352,0,1,5,98618840.0,Winter Storm
PENNSYLVANIA,2014,520,4,1,7,52849020.0,Winter Storm
PENNSYLVANIA,2015,343,0,7,5,63936500.0,Winter Storm
PENNSYLVANIA,2016,220,0,0,12,40535890.0,Winter Storm
PENNSYLVANIA,2017,169,0,0,1,9499090.0,Winter Storm
PENNSYLVANIA,2018,282,0,0,0,60901240.0,Winter Storm
PENNSYLVANIA,2019,282,0,0,0,14684210.0,Winter Storm
PENNSYLVANIA,2020,184,0,0,1,5045030.0,Winter Storm
PENNSYLVANIA,2021,383,0,1,0,41378930.0,Winter Storm
PENNSYLVANIA,2022,355,3,1,0,34048650.0,Winter Storm
RHODE ISLAND,1996,56,0,0,0,5382500.0,Winter Storm
RHODE ISLAND,1997,25,0,0,0,5000.0,Winter Storm
RHODE ISLAND,1999,15,0,0,0,50000.0,Winter Storm
RHODE ISLAND,2000,17,0,0,0,275000.0,Winter Storm
RHODE ISLAND,2001,24,0,0,0,382750.0,Winter Storm
RHODE ISLAND,2002,12,0,0,0,302500.0,Winter Storm
RHODE ISLAND,2003,29,0,0,0,30750.0,Winter Storm
RHODE ISLAND,2004,13,0,0,0,602500.0,Winter Storm
RHODE ISLAND,2005,27,1,0,0,580000.0,Winter Storm
RHODE ISLAND,2006,8,0,0,0,25000.0,Winter Storm
RHODE ISLAND,2007,12,0,0,0,52500.0,Winter Storm
RHODE ISLAND,2008,13,0,0,1,112500.0,Winter Storm
RHODE ISLAND,2009,17,0,0,0,52780.0,Winter Storm
RHODE ISLAND,2010,10,0,0,0,2500250.0,Winter Storm
RHODE ISLAND,2011,21,0,0,0,25777530.0,Winter Storm
RHODE ISLAND,2012,25,0,0,0,2135060.0,Winter Storm
RHODE ISLAND,2013,24,0,0,1,82500.0,Winter Storm
RHODE ISLAND,2014,24,0,0,0,330030.0,Winter Storm
RHODE ISLAND,2015,52,0,0,0,6532500.0,Winter Storm
RHODE ISLAND,2016,40,0,0,0,3687780.0,Winter Storm
RHODE ISLAND,2017,33,0,0,0,627750.0,Winter Storm
RHODE ISLAND,2018,34,0,0,0,5380000.0,Winter Storm
RHODE ISLAND,2019,9,0,0,0,25250.0,Winter Storm
RHODE ISLAND,2020,10,0,0,0,275000.0,Winter Storm
RHODE ISLAND,2021,10,0,0,0,2750.0,Winter Storm
RHODE ISLAND,2022,15,0,0,0,2777500.0,Winter Storm
SOUTH CAROLINA,1996,149,0,4,0,12540750.0,Winter Storm
SOUTH CAROLINA,1997,69,0,1,0,5385500.0,Winter Storm
SOUTH CAROLINA,1998,25,0,1,0,3330030.0,Winter Storm
SOUTH CAROLINA,1999,46,0,0,0,5892810.0,Winter Storm
SOUTH CAROLINA,2000,137,0,7,0,13045780.0,Winter Storm
SOUTH CAROLINA,2001,14,0,0,0,75000.0,Winter Storm
SOUTH CAROLINA,2002,80,0,0,0,5992620.0,Winter Storm
SOUTH CAROLINA,2003,67,6,1,0,1902750.0,Winter Storm
SOUTH CAROLINA,2004,131,0,1,0,6683590.0,Winter Storm
SOUTH CAROLINA,2005,82,0,0,0,1088000.0,Winter Storm
SOUTH CAROLINA,2007,42,0,0,0,332750.0,Winter Storm
SOUTH CAROLINA,2008,25,0,0,0,1165250.0,Winter Storm
SOUTH CAROLINA,2009,66,0,0,0,15515280.0,Winter Storm
SOUTH CAROLINA,2010,200,0,1,0,19829090.0,Winter Storm
SOUTH CAROLINA,2011,70,0,0,0,337750.0,Winter Storm
SOUTH CAROLINA,2013,36,0,0,0,1037530.0,Winter Storm
SOUTH CAROLINA,2014,146,2,2,2,4968060.0,Winter Storm
SOUTH CAROLINA,2015,87,0,0,0,10948090.0,Winter Storm
SOUTH CAROLINA,2016,30,0,0,0,687750.0,Winter Storm
SOUTH CAROLINA,2017,64,0,0,0,501207560.0,Winter Storm
SOUTH CAROLINA,2018,79,0,0,3,8650150.0,Winter Storm
SOUTH CAROLINA,2019,6,0,0,0,2500000.0,Winter Storm
SOUTH CAROLINA,2020,10,0,0,0,530280.0,Winter Storm
SOUTH CAROLINA,2021,11,0,0,0,0.0,Winter Storm
SOUTH CAROLINA,2022,86,0,0,0,4080500.0,Winter Storm
SOUTH DAKOTA,1996,587,15,7,0,311518150.0,Winter Storm
SOUTH DAKOTA,1997,430,7,3,0,50878090.0,Winter Storm
SOUTH DAKOTA,1998,161,3,0,0,9553530.0,Winter Storm
SOUTH DAKOTA,1999,108,1,0,0,4915280.0,Winter Storm
SOUTH DAKOTA,2000,308,0,0,0,10485590.0,Winter Storm
SOUTH DAKOTA,2001,267,0,0,0,10082180.0,Winter Storm
SOUTH DAKOTA,2002,114,1,1,0,3735530.0,Winter Storm
SOUTH DAKOTA,2003,221,0,0,0,15053930.0,Winter Storm
SOUTH DAKOTA,2004,133,0,0,0,3680150.0,Winter Storm
SOUTH DAKOTA,2005,231,0,1,0,269916900.0,Winter Storm
SOUTH DAKOTA,2006,243,0,0,0,30970770.0,Winter Storm
SOUTH DAKOTA,2007,297,0,0,1,81527400.0,Winter Storm
SOUTH DAKOTA,2008,460,1,1,0,142718650.0,Winter Storm
SOUTH DAKOTA,2009,412,0,0,0,17608400.0,Winter Storm
SOUTH DAKOTA,2010,405,0,0,3,10591620.0,Winter Storm
SOUTH DAKOTA,2011,282,0,3,1,11935810.0,Winter Storm
SOUTH DAKOTA,2012,194,0,0,0,33446090.0,Winter Storm
SOUTH DAKOTA,2013,364,0,1,3,46278810.0,Winter Storm
SOUTH DAKOTA,2014,314,0,0,3,56269580.0,Winter Storm
SOUTH DAKOTA,2015,454,0,1,0,22974060.0,Winter Storm
SOUTH DAKOTA,2016,375,0,1,1,38271400.0,Winter Storm
SOUTH DAKOTA,2017,297,0,0,0,36455250.0,Winter Storm
SOUTH DAKOTA,2018,838,0,0,3,99428130.0,Winter Storm
SOUTH DAKOTA,2019,687,0,2,2,71999960.0,Winter Storm
SOUTH DAKOTA,2020,497,0,0,9,115679680.0,Winter Storm
SOUTH DAKOTA,2021,325,0,0,2,9662340.0,Winter Storm
SOUTH DAKOTA,2022,212,1,1,1,6263430.0,Winter Storm
TENNESSEE,1996,260,2,1,0,58074840.0,Winter Storm
TENNESSEE,1997,105,0,0,0,79202500.0,Winter Storm
TENNESSEE,1998,157,4,1,0,5636000.0,Winter Storm
TENNESSEE,1999,101,0,0,0,3413280.0,Winter Storm
TENNESSEE,2000,178,0,0,0,11703810.0,Winter Storm
TENNESSEE,2001,105,0,0,0,4845840.0,Winter Storm
TENNESSEE,2002,105,0,0,0,11404240.0,Winter Storm
TENNESSEE,2003,225,0,0,0,8815370.0,Winter Storm
TENNESSEE,2004,187,1,0,0,18088370.0,Winter Storm
TENNESSEE,2005,70,0,1,0,8593060.0,Winter Storm
TENNESSEE,2006,83,0,0,0,8088590.0,Winter Storm
TENNESSEE,2007,43,0,0,0,1030000.0,Winter Storm
TENNESSEE,2008,100,0,0,3,2037750.0,Winter Storm
TENNESSEE,2009,168,0,1,3,32243000.0,Winter Storm
TENNESSEE,2010,465,0,5,4,49832310.0,Winter Storm
TENNESSEE,2011,378,0,1,3,54736030.0,Winter Storm
TENNESSEE,2012,99,0,0,1,2150030.0,Winter Storm
TENNESSEE,2013,279,0,0,1,7198310.0,Winter Storm
TENNESSEE,2014,305,0,0,1,13510960.0,Winter Storm
TENNESSEE,2015,450,0,7,3,36494840.0,Winter Storm
TENNESSEE,2016,271,0,0,0,17639270.0,Winter Storm
TENNESSEE,2017,138,0,0,0,35370280.0,Winter Storm
TENNESSEE,2018,290,0,0,0,4391590.0,Winter Storm
TENNESSEE,2019,68,0,0,0,9288030.0,Winter Storm
TENNESSEE,2020,143,0,0,0,4451060.0,Winter Storm
TENNESSEE,2021,281,0,1,2,63048210.0,Winter Storm
TENNESSEE,2022,334,0,1,1,289816710.0,Winter Storm
TEXAS,1996,209,1,3,0,8188530.0,Winter Storm
TEXAS,1997,326,2,6,0,7893560.0,Winter Storm
TEXAS,1998,172,0,1,0,8410280.0,Winter Storm
TEXAS,1999,90,0,0,0,1715500.0,Winter Storm
TEXAS,2000,385,0,5,0,302931400.0,Winter Storm
TEXAS,2001,216,0,0,0,67055710.0,Winter Storm
TEXAS,2002,142,1,0,0,32541870.0,Winter Storm
TEXAS,2003,82,1,0,0,3433030.0,Winter Storm
TEXAS,2004,221,0,1,0,273159090.0,Winter Storm
TEXAS,2005,137,4,6,0,15048400.0,Winter Storm
TEXAS,2006,201,0,0,4,13740590.0,Winter Storm
TEXAS,2007,514,4,4,5,335106870.0,Winter Storm
TEXAS,2008,157,3,4,0,5296960.0,Winter Storm
TEXAS,2009,345,1,4,10,139601900.0,Winter Storm
TEXAS,2010,369,0,1,6,84508590.0,Winter Storm
TEXAS,2011,365,1,1,10,309243310.0,Winter Storm
TEXAS,2012,158,0,1,1,5922780.0,Winter Storm
TEXAS,2013,708,3,4,13,79180400.0,Winter Storm
TEXAS,2014,631,0,0,8,80669640.0,Winter Storm
TEXAS,2015,795,0,3,10,185308370.0,Winter Storm
TEXAS,2016,6,0,1,0,5000.0,Winter Storm
TEXAS,2017,197,1,3,3,16110310.0,Winter Storm
TEXAS,2018,204,3,1,1,13247310.0,Winter Storm
TEXAS,2019,124,0,1,1,7138560.0,Winter Storm
TEXAS,2020,269,0,1,6,31427780.0,Winter Storm
TEXAS,2021,644,3,12,11,21266040.0,Winter Storm
TEXAS,2022,279,0,0,5,11017580.0,Winter Storm
UTAH,1996,103,8,2,0,17212870.0,Winter Storm
UTAH,1997,238,15,5,0,7192780.0,Winter Storm
UTAH,1998,360,13,3,0,11899490.0,Winter Storm
UTAH,1999,128,6,0,0,6723280.0,Winter Storm
UTAH,2000,92,4,1,0,3657810.0,Winter Storm
UTAH,2001,97,4,3,0,258960810.0,Winter Storm
UTAH,2002,124,8,1,0,7296090.0,Winter Storm
UTAH,2003,215,0,2,0,10939280.0,Winter Storm
UTAH,2004,106,2,0,0,14556030.0,Winter Storm
UTAH,2005,162,2,3,0,7793090.0,Winter Storm
UTAH,2006,167,0,1,0,19868780.0,Winter Storm
UTAH,2007,137,0,0,0,2115530.0,Winter Storm
UTAH,2008,261,0,0,1,12136090.0,Winter Storm
UTAH,2009,146,0,0,0,30108500.0,Winter Storm
UTAH,2010,202,0,0,0,10358090.0,Winter Storm
UTAH,2011,118,0,0,0,3541000.0,Winter Storm
UTAH,2012,119,0,0,0,3598150.0,Winter Storm
UTAH,2013,143,0,0,2,3071060.0,Winter Storm
UTAH,2014,91,1,0,1,3533030.0,Winter Storm
UTAH,2015,99,0,0,1,4660030.0,Winter Storm
UTAH,2016,112,0,0,1,8902560.0,Winter Storm
UTAH,2017,84,0,0,0,6565810.0,Winter Storm
UTAH,2018,76,0,0,1,25282530.0,Winter Storm
UTAH,2019,171,0,0,0,16975500.0,Winter Storm
UTAH,2020,49,0,0,0,455090.0,Winter Storm
UTAH,2021,82,0,0,0,1523000.0,Winter Storm
UTAH,2022,37,0,0,0,390530.0,Winter Storm
VERMONT,1996,139,0,1,0,29691000.0,Winter Storm
VERMONT,1997,243,0,2,0,35881280.0,Winter Storm
VERMONT,1998,108,1,0,0,3502780.0,Winter Storm
VERMONT,1999,129,2,0,0,4795250.0,Winter Storm
VERMONT,2000,203,1,1,0,5188120.0,Winter Storm
VERMONT,2001,201,1,1,0,7083560.0,Winter Storm
VERMONT,2002,172,0,0,0,14021620.0,Winter Storm
VERMONT,2003,133,1,1,0,57535370.0,Winter Storm
VERMONT,2004,122,0,1,0,1817960.0,Winter Storm
VERMONT,2005,306,0,0,0,71777840.0,Winter Storm
VERMONT,2006,187,0,0,1,22910780.0,Winter Storm
VERMONT,2007,312,0,0,0,65463620.0,Winter Storm
VERMONT,2008,324,0,0,4,85983590.0,Winter Storm
VERMONT,2009,170,0,0,0,13142750.0,Winter Storm
VERMONT,2010,110,0,0,0,35515500.0,Winter Storm
VERMONT,2011,159,0,0,4,5837750.0,Winter Storm
VERMONT,2012,96,0,0,0,7843280.0,Winter Storm
VERMONT,2013,90,0,0,0,3615030.0,Winter Storm
VERMONT,2014,113,0,0,0,14423590.0,Winter Storm
VERMONT,2015,150,0,0,2,530256060.0,Winter Storm
VERMONT,2016,66,0,0,1,28127750.0,Winter Storm
VERMONT,2017,162,0,0,0,10976620.0,Winter Storm
VERMONT,2018,161,0,0,0,16128340.0,Winter Storm
VERMONT,2019,148,0,0,0,47521370.0,Winter Storm
VERMONT,2020,106,0,0,0,5013120.0,Winter Storm
VERMONT,2021,162,0,1,1,82055750.0,Winter Storm
VERMONT,2022,152,0,0,1,41734280.0,Winter Storm
VIRGINIA,1996,621,2,4,0,120042800.0,Winter Storm
VIRGINIA,1997,211,0,0,0,60249060.0,Winter Storm
VIRGINIA,1998,237,0,1,0,19984400.0,Winter Storm
VIRGINIA,1999,195,0,0,0,7120090.0,Winter Storm
VIRGINIA,2000,378,3,1,0,23663620.0,Winter Storm
VIRGINIA,2001,165,0,0,0,36033400.0,Winter Storm
VIRGINIA,2002,298,0,0,0,83987770.0,Winter Storm
VIRGINIA,2003,556,0,2,0,27714400.0,Winter Storm
VIRGINIA,2004,314,1,3,0,42896430.0,Winter Storm
VIRGINIA,2005,485,0,0,0,56821640.0,Winter Storm
VIRGINIA,2006,111,0,0,0,5934120.0,Winter Storm
VIRGINIA,2007,245,0,0,1,12906710.0,Winter Storm
VIRGINIA,2008,172,0,0,0,7522590.0,Winter Storm
VIRGINIA,2009,294,0,0,1,61921530.0,Winter Storm
VIRGINIA,2010,577,0,0,1,106225990.0,Winter Storm
VIRGINIA,2011,159,0,0,0,10610500.0,Winter Storm
VIRGINIA,2012,242,0,0,1,24308030.0,Winter Storm
VIRGINIA,2013,591,0,0,0,46868430.0,Winter Storm
VIRGINIA,2014,744,1,2,1,79512960.0,Winter Storm
VIRGINIA,2015,553,0,0,1,65492590.0,Winter Storm
VIRGINIA,2016,361,2,2,3,43048580.0,Winter Storm
VIRGINIA,2017,249,0,0,0,40302020.0,Winter Storm
VIRGINIA,2018,572,0,0,1,77987840.0,Winter Storm
VIRGINIA,2019,347,1,1,2,303585360.0,Winter Storm
VIRGINIA,2020,127,0,0,0,81800250.0,Winter Storm
VIRGINIA,2021,476,0,0,0,61344400.0,Winter Storm
VIRGINIA,2022,383,0,0,1,52042520.0,Winter Storm
WASHINGTON,1996,86,5,8,0,1415750.0,Winter Storm
WASHINGTON,1997,8,1,1,0,75000.0,Winter Storm
WASHINGTON,1998,101,1,2,0,4160060.0,Winter Storm
WASHINGTON,1999,55,1,1,0,1107780.0,Winter Storm
WASHINGTON,2000,64,0,0,0,1407780.0,Winter Storm
WASHINGTON,2001,73,0,0,0,1163250.0,Winter Storm
WASHINGTON,2002,98,1,1,0,13865590.0,Winter Storm
WASHINGTON,2003,66,0,0,0,762750.0,Winter Storm
WASHINGTON,2004,97,1,0,0,1195340.0,Winter Storm
WASHINGTON,2005,93,0,1,0,14278750.0,Winter Storm
WASHINGTON,2006,102,1,0,0,37065560.0,Winter Storm
WASHINGTON,2007,102,0,0,1,28542750.0,Winter Storm
WASHINGTON,2008,232,3,2,0,33798280.0,Winter Storm
WASHINGTON,2009,101,0,0,0,8293030.0,Winter Storm
WASHINGTON,2010,97,0,0,4,1492780.0,Winter Storm
WASHINGTON,2011,91,0,0,3,8687780.0,Winter Storm
WASHINGTON,2012,181,1,1,2,7503060.0,Winter Storm
WASHINGTON,2013,49,0,0,5,3335500.0,Winter Storm
WASHINGTON,2014,189,0,0,2,8551400.0,Winter Storm
WASHINGTON,2015,196,0,1,0,36687810.0,Winter Storm
WASHINGTON,2016,130,1,1,0,261323530.0,Winter Storm
WASHINGTON,2017,336,0,0,0,82521020.0,Winter Storm
WASHINGTON,2018,251,0,0,1,62096210.0,Winter Storm
WASHINGTON,2019,316,2,0,5,71871120.0,Winter Storm
WASHINGTON,2020,291,0,0,1,34243620.0,Winter Storm
WASHINGTON,2021,158,0,1,1,54960500.0,Winter Storm
WASHINGTON,2022,79,0,0,1,9218000.0,Winter Storm
WEST VIRGINIA,1996,330,0,0,0,14143950.0,Winter Storm
WEST VIRGINIA,1997,362,0,0,0,13416280.0,Winter Storm
WEST VIRGINIA,1998,136,3,2,0,5200280.0,Winter Storm
WEST VIRGINIA,1999,284,1,1,0,10687090.0,Winter Storm
WEST VIRGINIA,2000,236,0,0,0,260890780.0,Winter Storm
WEST VIRGINIA,2001,177,0,0,0,4603590.0,Winter Storm
WEST VIRGINIA,2002,221,0,0,0,35503020.0,Winter Storm
WEST VIRGINIA,2003,216,2,0,0,27188310.0,Winter Storm
WEST VIRGINIA,2004,126,0,0,0,40365590.0,Winter Storm
WEST VIRGINIA,2005,136,0,1,0,29032870.0,Winter Storm
WEST VIRGINIA,2006,45,0,0,1,5830810.0,Winter Storm
WEST VIRGINIA,2007,182,0,0,0,16818740.0,Winter Storm
WEST VIRGINIA,2008,157,0,0,0,5647060.0,Winter Storm
WEST VIRGINIA,2009,232,0,0,0,65923870.0,Winter Storm
WEST VIRGINIA,2010,289,0,0,0,39996930.0,Winter Storm
WEST VIRGINIA,2011,179,0,0,0,14622780.0,Winter Storm
WEST VIRGINIA,2012,182,0,1,2,253506780.0,Winter Storm
WEST VIRGINIA,2013,316,0,0,0,90354090.0,Winter Storm
WEST VIRGINIA,2014,446,0,1,1,69597610.0,Winter Storm
WEST VIRGINIA,2015,360,0,0,0,110175780.0,Winter Storm
WEST VIRGINIA,2016,257,2,0,1,11964210.0,Winter Storm
WEST VIRGINIA,2017,189,0,0,1,12943680.0,Winter Storm
WEST VIRGINIA,2018,318,0,0,0,21544460.0,Winter Storm
WEST VIRGINIA,2019,223,0,0,0,32448810.0,Winter Storm
WEST VIRGINIA,2020,244,0,0,0,8083590.0,Winter Storm
WEST VIRGINIA,2021,269,0,0,0,9668870.0,Winter Storm
WEST VIRGINIA,2022,313,0,0,0,11764460.0,Winter Storm
WISCONSIN,1996,711,8,8,0,45202950.0,Winter Storm
WISCONSIN,1997,314,1,2,0,31885680.0,Winter Storm
WISCONSIN,1998,181,3,0,0,8323400.0,Winter Storm
WISCONSIN,1999,182,3,1,0,29743560.0,Winter Storm
WISCONSIN,2000,204,0,0,0,10620620.0,Winter Storm
WISCONSIN,2001,164,0,0,0,7045400.0,Winter Storm
WISCONSIN,2002,203,0,0,0,9180120.0,Winter Storm
WISCONSIN,2003,216,0,0,0,33939310.0,Winter Storm
WISCONSIN,2004,259,0,0,0,17724770.0,Winter Storm
WISCONSIN,2005,297,0,0,0,22107620.0,Winter Storm
WISCONSIN,2006,241,0,1,1,24323680.0,Winter Storm
WISCONSIN,2007,603,0,1,7,93570490.0,Winter Storm
WISCONSIN,2008,788,0,3,12,411295240.0,Winter Storm
WISCONSIN,2009,433,5,3,7,67639460.0,Winter Storm
WISCONSIN,2010,302,0,3,7,40804250.0,Winter Storm
WISCONSIN,2011,301,0,1,6,16618560.0,Winter Storm
WISCONSIN,2012,252,0,0,1,49330840.0,Winter Storm
WISCONSIN,2013,426,0,2,9,47143870.0,Winter Storm
WISCONSIN,2014,426,1,9,2,22489420.0,Winter Storm
WISCONSIN,2015,219,0,4,4,35376000.0,Winter Storm
WISCONSIN,2016,365,0,10,7,19725530.0,Winter Storm
WISCONSIN,2017,256,0,6,7,12366960.0,Winter Storm
WISCONSIN,2018,489,0,9,6,52202390.0,Winter Storm
WISCONSIN,2019,712,1,6,10,143983110.0,Winter Storm
WISCONSIN,2020,303,1,5,5,268449560.0,Winter Storm
WISCONSIN,2021,354,0,1,3,7002280.0,Winter Storm
WISCONSIN,2022,240,0,0,1,11741710.0,Winter Storm
WYOMING,1996,356,0,1,0,21944740.0,Winter Storm
WYOMING,1997,158,5,3,0,2256030.0,Winter Storm
WYOMING,1998,140,5,1,0,11813280.0,Winter Storm
WYOMING,1999,89,6,3,0,4243090.0,Winter Storm
WYOMING,2000,128,2,0,0,254380620.0,Winter Storm
WYOMING,2001,55,0,0,0,32033000.0,Winter Storm
WYOMING,2002,102,1,0,0,3470250.0,Winter Storm
WYOMING,2003,164,1,1,0,79623780.0,Winter Storm
WYOMING,2004,84,0,0,0,9664750.0,Winter Storm
WYOMING,2005,88,0,0,0,6592500.0,Winter Storm
WYOMING,2006,89,1,1,0,3915780.0,Winter Storm
WYOMING,2007,90,0,0,0,5237780.0,Winter Storm
WYOMING,2008,158,0,0,3,7508280.0,Winter Storm
WYOMING,2009,290,0,0,2,11428310.0,Winter Storm
WYOMING,2010,342,0,0,0,164139090.0,Winter Storm
WYOMING,2011,216,0,1,1,12923000.0,Winter Storm
WYOMING,2012,236,0,0,0,42806030.0,Winter Storm
WYOMING,2013,438,0,0,0,14115340.0,Winter Storm
WYOMING,2014,494,0,0,0,35602830.0,Winter Storm
WYOMING,2015,277,0,0,0,44977870.0,Winter Storm
WYOMING,2016,544,0,0,0,36902740.0,Winter Storm
WYOMING,2017,554,0,0,1,56132150.0,Winter Storm
WYOMING,2018,326,0,0,0,8137340.0,Winter Storm
WYOMING,2019,306,0,2,3,17242530.0,Winter Storm
WYOMING,2020,233,0,0,2,64288310.0,Winter Storm
WYOMING,2021,239,0,1,0,4855030.0,Winter Storm
WYOMING,2022,147,0,0,0,29274780.0,Winter Storm
